year,pull_basis,airport,source_market_poo_country,inbound_pax,basis
2013,POO,DUB,AT,45153,one-way departures
2013,POO,DUB,CN,11212,one-way departures
2013,POO,DUB,BG,8801,one-way departures
2013,POO,DUB,SE,46583,one-way departures
2013,POO,DUB,UA,2172,one-way departures
2013,POO,DUB,NG,3506,one-way departures
2013,POO,DUB,ES,438845,one-way departures
2013,POO,DUB,IN,9957,one-way departures
2013,POO,DUB,SG,3199,one-way departures
2013,POO,DUB,LU,3467,one-way departures
2013,POO,DUB,KR,3771,one-way departures
2013,POO,DUB,OM,892,one-way departures
2013,POO,DUB,TH,1782,one-way departures
2013,POO,DUB,NL,103119,one-way departures
2013,POO,DUB,RO,8108,one-way departures
2013,POO,BHD,GR,278,one-way departures
2013,POO,DUB,PE,250,one-way departures
2013,POO,BHD,FR,2780,one-way departures
2013,POO,BHD,PT,19564,one-way departures
2013,POO,BHD,EG,174,one-way departures
2013,POO,DUB,PH,1299,one-way departures
2013,POO,BHD,MK,118,one-way departures
2013,POO,BHD,BH,177,one-way departures
2013,POO,DUB,HT,88,one-way departures
2013,POO,DUB,MU,243,one-way departures
2013,POO,BHD,RS,162,one-way departures
2013,POO,BHD,QA,206,one-way departures
2013,POO,BHD,NZ,579,one-way departures
2013,POO,BHD,LY,48,one-way departures
2013,POO,BHD,BA,60,one-way departures
2013,POO,DUB,MR,29,one-way departures
2013,POO,BFS,PL,5633,one-way departures
2013,POO,BFS,DE,72,one-way departures
2013,POO,DUB,CY,885,one-way departures
2013,POO,DUB,CD,100,one-way departures
2013,POO,DUB,AO,156,one-way departures
2013,POO,DUB,TT,148,one-way departures
2013,POO,DUB,BB,232,one-way departures
2013,POO,DUB,BS,94,one-way departures
2013,POO,BHD,MX,284,one-way departures
2013,POO,DUB,CG,19,one-way departures
2013,POO,DUB,AM,89,one-way departures
2013,POO,DUB,SB,12,one-way departures
2013,POO,DUB,KG,98,one-way departures
2013,POO,BHD,ID,65,one-way departures
2013,POO,DUB,GT,91,one-way departures
2013,POO,BFS,JO,4,one-way departures
2013,POO,BFS,MT,2896,one-way departures
2013,POO,BHD,NC,14,one-way departures
2013,POO,BFS,ZA,7,one-way departures
2013,POO,BHD,IR,11,one-way departures
2013,POO,BHD,VN,40,one-way departures
2013,POO,BFS,CH,4896,one-way departures
2013,POO,BHD,MW,26,one-way departures
2013,POO,BHD,NP,11,one-way departures
2013,POO,BHD,KW,64,one-way departures
2013,POO,BHD,PG,19,one-way departures
2013,POO,BHD,UY,8,one-way departures
2013,POO,BFS,AE,2,one-way departures
2013,POO,BHD,EE,26,one-way departures
2013,POO,DUB,SK,14474,one-way departures
2013,POO,DUB,AI,1,one-way departures
2013,POO,DUB,GN,18,one-way departures
2013,POO,DUB,LA,34,one-way departures
2013,POO,DUB,BI,11,one-way departures
2013,POO,BHD,GM,1,one-way departures
2013,POO,DUB,MV,4,one-way departures
2013,POO,BHD,AR,34,one-way departures
2013,POO,BHD,BD,23,one-way departures
2013,POO,DUB,AG,15,one-way departures
2013,POO,BHD,GH,42,one-way departures
2023,ND,DUB,GB,1832628,one-way departures
2023,ND,BFS,ES,136516,one-way departures
2023,ND,DUB,AU,62087,one-way departures
2023,ND,DUB,DK,43944,one-way departures
2023,ND,DUB,HR,30906,one-way departures
2023,ND,DUB,NO,24768,one-way departures
2023,ND,DUB,US,862116,one-way departures
2023,ND,DUB,IS,5754,one-way departures
2023,ND,DUB,LV,11776,one-way departures
2023,ND,DUB,CA,81418,one-way departures
2023,ND,DUB,MA,7993,one-way departures
2023,ND,BHD,NL,4360,one-way departures
2023,ND,DUB,MD,8866,one-way departures
2023,ND,DUB,PR,1892,one-way departures
2023,ND,DUB,CL,2360,one-way departures
2023,ND,BHD,AT,732,one-way departures
2023,ND,DUB,JP,9333,one-way departures
2023,ND,BHD,NG,506,one-way departures
2023,ND,BHD,SE,1155,one-way departures
2023,ND,BHD,ES,3658,one-way departures
2023,ND,DUB,RU,1325,one-way departures
2023,ND,DUB,KZ,768,one-way departures
2023,ND,DUB,TW,2035,one-way departures
2023,ND,DUB,SI,887,one-way departures
2023,ND,DUB,SD,210,one-way departures
2023,ND,DUB,GI,173,one-way departures
2023,ND,DUB,SA,2988,one-way departures
2023,ND,BHD,PE,102,one-way departures
2023,ND,DUB,CO,802,one-way departures
2023,ND,BHD,IN,2496,one-way departures
2023,ND,DUB,ME,340,one-way departures
2023,ND,DUB,NA,174,one-way departures
2023,ND,DUB,GA,87,one-way departures
2023,ND,BFS,BG,100,one-way departures
2023,ND,DUB,MG,112,one-way departures
2023,ND,DUB,KH,157,one-way departures
2023,ND,DUB,HU,21643,one-way departures
2023,ND,LDY,IT,107,one-way departures
2023,ND,BHD,SG,615,one-way departures
2023,ND,LDY,CH,84,one-way departures
2023,ND,BHD,MV,70,one-way departures
2023,ND,DUB,JM,212,one-way departures
2023,ND,BHD,KR,146,one-way departures
2023,ND,DUB,GY,145,one-way departures
2023,ND,DUB,MY,3115,one-way departures
2023,ND,DUB,BM,523,one-way departures
2023,ND,DUB,LB,1330,one-way departures
2023,ND,BHD,PH,264,one-way departures
2023,ND,BHD,BS,41,one-way departures
2023,ND,DUB,TZ,485,one-way departures
2023,ND,BHD,OM,64,one-way departures
2023,ND,DUB,KY,611,one-way departures
2023,ND,BHD,CN,277,one-way departures
2023,ND,DUB,CU,53,one-way departures
2023,ND,DUB,LK,275,one-way departures
2023,ND,BHD,TH,64,one-way departures
2023,ND,BHD,AM,30,one-way departures
2023,ND,LDY,DE,82,one-way departures
2023,ND,DUB,MM,28,one-way departures
2023,ND,BHD,IE,310,one-way departures
2023,ND,DUB,LS,19,one-way departures
2023,ND,DUB,ZM,367,one-way departures
2023,ND,BHD,BN,15,one-way departures
2023,ND,BHD,MU,83,one-way departures
2023,ND,DUB,SO,62,one-way departures
2023,ND,DUB,SZ,14,one-way departures
2023,ND,DUB,IQ,563,one-way departures
2023,ND,BHD,BB,188,one-way departures
2023,ND,DUB,FJ,47,one-way departures
2023,ND,BHD,SB,6,one-way departures
2023,ND,BFS,AT,796,one-way departures
2023,ND,BHD,RO,286,one-way departures
2023,ND,BHD,TO,3,one-way departures
2023,ND,DUB,00,36,one-way departures
2023,ND,BHD,BG,119,one-way departures
2023,ND,DUB,TM,8,one-way departures
2023,ND,DUB,TJ,11,one-way departures
2023,ND,DUB,BF,26,one-way departures
2023,ND,BHD,LU,126,one-way departures
2023,ND,DUB,VE,146,one-way departures
2023,ND,DUB,CI,203,one-way departures
2023,ND,BHD,GT,8,one-way departures
2023,ND,BHD,CD,1,one-way departures
2023,ND,LDY,PK,4,one-way departures
2023,ND,BHD,BI,3,one-way departures
2023,ND,BFS,IN,2,one-way departures
2023,ND,BFS,NL,9655,one-way departures
2023,ND,BHD,GE,3,one-way departures
2023,ND,LDY,AE,43,one-way departures
2023,ND,DUB,SN,151,one-way departures
2023,ND,LDY,TR,9,one-way departures
2023,ND,LDY,ZA,75,one-way departures
2023,ND,BHD,CY,377,one-way departures
2023,ND,BHD,TT,14,one-way departures
2023,ND,BHD,AO,3,one-way departures
2023,ND,DUB,TD,29,one-way departures
2014,ND,DUB,AT,35196,one-way departures
2014,ND,DUB,CN,20674,one-way departures
2014,ND,DUB,SE,36707,one-way departures
2014,ND,DUB,IN,11707,one-way departures
2014,ND,DUB,ES,363218,one-way departures
2014,ND,BHD,ES,9134,one-way departures
2014,ND,DUB,SG,3738,one-way departures
2014,ND,BFS,FR,13688,one-way departures
2014,ND,DUB,RO,20830,one-way departures
2014,ND,DUB,KR,3647,one-way departures
2014,ND,DUB,GE,496,one-way departures
2014,ND,DUB,BG,4307,one-way departures
2014,ND,DUB,TH,2274,one-way departures
2014,ND,DUB,NL,79036,one-way departures
2014,ND,BHD,IE,525,one-way departures
2014,ND,DUB,MU,256,one-way departures
2014,ND,BHD,CN,732,one-way departures
2014,ND,BHD,SE,1133,one-way departures
2014,ND,DUB,LU,6114,one-way departures
2014,ND,DUB,PH,1771,one-way departures
2014,ND,DUB,NG,4439,one-way departures
2014,ND,BHD,UA,119,one-way departures
2014,ND,BHD,LU,250,one-way departures
2014,ND,BHD,IN,1184,one-way departures
2014,ND,DUB,OM,1326,one-way departures
2014,ND,BHD,NL,597,one-way departures
2014,ND,DUB,CY,682,one-way departures
2014,ND,DUB,HT,62,one-way departures
2014,ND,BHD,AT,603,one-way departures
2014,ND,DUB,BB,286,one-way departures
2014,ND,DUB,UA,2287,one-way departures
2014,ND,LDY,GB,68793,one-way departures
2014,ND,BHD,AO,48,one-way departures
2014,ND,DUB,GT,127,one-way departures
2014,ND,DUB,AM,142,one-way departures
2014,ND,DUB,AO,108,one-way departures
2014,ND,DUB,PE,158,one-way departures
2014,ND,DUB,CG,19,one-way departures
2014,ND,BHD,PH,123,one-way departures
2014,ND,DUB,TT,246,one-way departures
2014,ND,BHD,TH,268,one-way departures
2014,ND,BFS,PT,9406,one-way departures
2014,ND,BHD,OM,158,one-way departures
2014,ND,DUB,CD,63,one-way departures
2014,ND,DUB,NE,13,one-way departures
2014,ND,BHD,BB,9,one-way departures
2014,ND,DUB,BS,109,one-way departures
2014,ND,BHD,MR,4,one-way departures
2014,ND,BHD,RO,220,one-way departures
2014,ND,BHD,CY,26,one-way departures
2014,ND,BHD,BG,197,one-way departures
2014,ND,BHD,CD,4,one-way departures
2014,ND,DUB,MQ,21,one-way departures
2014,ND,DUB,BI,21,one-way departures
2014,ND,DUB,LA,25,one-way departures
2014,ND,BHD,KR,157,one-way departures
2014,ND,DUB,VG,23,one-way departures
2014,ND,BHD,BI,6,one-way departures
2014,ND,BHD,HT,2,one-way departures
2014,ND,DUB,KG,119,one-way departures
2014,ND,BFS,MX,59,one-way departures
2014,ND,BFS,NI,2,one-way departures
2014,ND,BHD,SK,3,one-way departures
2014,ND,DUB,SB,3,one-way departures
2014,ND,BHD,SG,310,one-way departures
2014,ND,DUB,SK,17614,one-way departures
2014,ND,BHD,NG,373,one-way departures
2014,ND,DUB,AG,39,one-way departures
2014,ND,BHD,KG,3,one-way departures
2014,ND,DUB,MR,12,one-way departures
2014,ND,BHD,GT,4,one-way departures
2014,ND,DUB,MV,8,one-way departures
2014,ND,BHD,TT,13,one-way departures
2014,ND,DUB,BN,10,one-way departures
2014,ND,BHD,PE,18,one-way departures
2014,ND,BHD,MU,15,one-way departures
2014,ND,BHD,GE,6,one-way departures
2014,ND,BHD,BN,2,one-way departures
2015,POO,DUB,DE,473937,one-way departures
2015,POO,DUB,IT,236833,one-way departures
2015,POO,DUB,CH,100516,one-way departures
2015,POO,BHD,GB,410757,one-way departures
2015,POO,DUB,PL,115894,one-way departures
2015,POO,DUB,IL,14934,one-way departures
2015,POO,DUB,AE,11951,one-way departures
2015,POO,DUB,ZA,12431,one-way departures
2015,POO,DUB,HK,5849,one-way departures
2015,POO,DUB,TR,14751,one-way departures
2015,POO,BHD,DK,1329,one-way departures
2015,POO,DUB,BR,23854,one-way departures
2015,POO,BHD,CA,3412,one-way departures
2015,POO,BHD,RU,591,one-way departures
2015,POO,DUB,PK,1864,one-way departures
2015,POO,DUB,FI,25986,one-way departures
2015,POO,BHD,AU,2668,one-way departures
2015,POO,BHD,NO,1505,one-way departures
2015,POO,DUB,ET,334,one-way departures
2015,POO,DUB,AF,378,one-way departures
2015,POO,BHD,US,6917,one-way departures
2015,POO,DUB,MT,9644,one-way departures
2015,POO,BHD,JP,695,one-way departures
2015,POO,BHD,MA,111,one-way departures
2015,POO,DUB,CZ,32481,one-way departures
2015,POO,DUB,BE,107426,one-way departures
2015,POO,BHD,SA,1040,one-way departures
2015,POO,BHD,MY,310,one-way departures
2015,POO,DUB,PM,77,one-way departures
2015,POO,DUB,JO,677,one-way departures
2015,POO,BHD,CO,110,one-way departures
2015,POO,BHD,HU,249,one-way departures
2015,POO,DUB,UG,391,one-way departures
2015,POO,BHD,HR,114,one-way departures
2015,POO,LDY,GB,61117,one-way departures
2015,POO,BHD,TW,82,one-way departures
2015,POO,DUB,PA,127,one-way departures
2015,POO,DUB,KE,1098,one-way departures
2015,POO,DUB,CM,144,one-way departures
2015,POO,DUB,DZ,392,one-way departures
2015,POO,BHD,IQ,150,one-way departures
2015,POO,BHD,CL,107,one-way departures
2015,POO,BHD,ZM,38,one-way departures
2015,POO,BHD,AZ,112,one-way departures
2015,POO,BHD,LK,56,one-way departures
2015,POO,BHD,BM,60,one-way departures
2015,POO,DUB,RW,74,one-way departures
2015,POO,DUB,FO,153,one-way departures
2015,POO,BHD,IS,84,one-way departures
2015,POO,BHD,SO,8,one-way departures
2015,POO,LDY,DK,7,one-way departures
2015,POO,DUB,ZW,276,one-way departures
2015,POO,BFS,MK,7,one-way departures
2015,POO,DUB,AW,23,one-way departures
2015,POO,DUB,TN,573,one-way departures
2015,POO,BHD,JM,13,one-way departures
2015,POO,DUB,SV,85,one-way departures
2015,POO,BHD,CI,12,one-way departures
2015,POO,DUB,AL,301,one-way departures
2015,POO,BFS,NZ,38,one-way departures
2015,POO,DUB,MZ,104,one-way departures
2015,POO,BHD,SD,29,one-way departures
2015,POO,DUB,SS,97,one-way departures
2015,POO,DUB,HN,49,one-way departures
2015,POO,BHD,NA,33,one-way departures
2015,POO,BHD,BY,9,one-way departures
2015,POO,BHD,VE,12,one-way departures
2015,POO,BHD,KY,38,one-way departures
2015,POO,BHD,KZ,82,one-way departures
2015,POO,DUB,DO,79,one-way departures
2015,POO,DUB,BW,266,one-way departures
2015,POO,BFS,GR,442,one-way departures
2015,POO,BFS,FR,14625,one-way departures
2015,POO,BFS,MX,36,one-way departures
2015,POO,BHD,KH,15,one-way departures
2015,POO,BHD,SI,32,one-way departures
2015,POO,BHD,TZ,43,one-way departures
2015,POO,BFS,EC,1,one-way departures
2015,POO,DUB,GW,2,one-way departures
2015,POO,DUB,ER,6,one-way departures
2015,POO,DUB,GD,12,one-way departures
2015,POO,DUB,GP,10,one-way departures
2015,POO,BHD,CU,3,one-way departures
2015,POO,DUB,SX,8,one-way departures
2015,POO,DUB,LR,39,one-way departures
2015,POO,BHD,BF,1,one-way departures
2015,POO,BHD,LB,152,one-way departures
2015,POO,DUB,GQ,8,one-way departures
2015,POO,BFS,KW,1,one-way departures
2015,POO,BHD,MM,36,one-way departures
2015,POO,BHD,CV,0,one-way departures
2016,ND,DUB,FI,28127,one-way departures
2016,ND,DUB,PL,140569,one-way departures
2016,ND,BHD,AT,922,one-way departures
2016,ND,DUB,IT,206751,one-way departures
2016,ND,DUB,BR,27502,one-way departures
2016,ND,DUB,AE,10949,one-way departures
2016,ND,DUB,CH,98869,one-way departures
2016,ND,DUB,ZA,12620,one-way departures
2016,ND,DUB,TR,9588,one-way departures
2016,ND,DUB,CZ,23839,one-way departures
2016,ND,DUB,DE,385504,one-way departures
2016,ND,DUB,IL,16760,one-way departures
2016,ND,DUB,BE,98305,one-way departures
2016,ND,BHD,SE,1679,one-way departures
2016,ND,BHD,ES,10196,one-way departures
2016,ND,DUB,HK,8086,one-way departures
2016,ND,BHD,IN,1405,one-way departures
2016,ND,DUB,JO,942,one-way departures
2016,ND,DUB,TN,350,one-way departures
2016,ND,BHD,SG,465,one-way departures
2016,ND,DUB,PK,1585,one-way departures
2016,ND,BHD,KR,268,one-way departures
2016,ND,DUB,UG,419,one-way departures
2016,ND,BFS,PT,13585,one-way departures
2016,ND,BHD,LU,209,one-way departures
2016,ND,DUB,KE,1021,one-way departures
2016,ND,DUB,BW,219,one-way departures
2016,ND,DUB,ZW,324,one-way departures
2016,ND,BHD,PH,318,one-way departures
2016,ND,DUB,PA,222,one-way departures
2016,ND,BHD,IE,316,one-way departures
2016,ND,BHD,CN,1146,one-way departures
2016,ND,DUB,AL,260,one-way departures
2016,ND,BHD,AO,67,one-way departures
2016,ND,DUB,AF,140,one-way departures
2016,ND,DUB,DZ,452,one-way departures
2016,ND,BHD,NG,271,one-way departures
2016,ND,DUB,CM,129,one-way departures
2016,ND,DUB,HN,114,one-way departures
2016,ND,BHD,BS,77,one-way departures
2016,ND,DUB,MZ,117,one-way departures
2016,ND,DUB,SV,118,one-way departures
2016,ND,DUB,MT,10979,one-way departures
2016,ND,DUB,SC,34,one-way departures
2016,ND,DUB,DO,43,one-way departures
2016,ND,DUB,FO,36,one-way departures
2016,ND,BHD,TH,317,one-way departures
2016,ND,BHD,RO,250,one-way departures
2016,ND,BHD,OM,227,one-way departures
2016,ND,DUB,ET,404,one-way departures
2016,ND,BHD,PE,37,one-way departures
2016,ND,DUB,GD,36,one-way departures
2016,ND,BFS,FR,21294,one-way departures
2016,ND,DUB,PM,15,one-way departures
2016,ND,BHD,BG,214,one-way departures
2016,ND,BHD,NL,4190,one-way departures
2016,ND,DUB,LR,46,one-way departures
2016,ND,DUB,SX,17,one-way departures
2016,ND,BFS,BD,3,one-way departures
2016,ND,DUB,RW,85,one-way departures
2016,ND,BFS,NZ,15,one-way departures
2016,ND,BFS,MX,30,one-way departures
2016,ND,BHD,GT,13,one-way departures
2016,ND,BHD,BN,18,one-way departures
2016,ND,BFS,LT,7222,one-way departures
2016,ND,BHD,HT,6,one-way departures
2016,ND,DUB,CW,28,one-way departures
2016,ND,BFS,KW,2,one-way departures
2016,ND,BHD,SK,1,one-way departures
2016,ND,BHD,TT,90,one-way departures
2016,ND,BHD,MU,34,one-way departures
2016,ND,BHD,CY,57,one-way departures
2016,ND,DUB,SS,73,one-way departures
2016,ND,BHD,KG,1,one-way departures
2016,ND,DUB,GP,10,one-way departures
2017,ND,DUB,IT,229905,one-way departures
2017,ND,BHD,GB,378919,one-way departures
2017,ND,DUB,BE,87208,one-way departures
2017,ND,DUB,DE,434762,one-way departures
2017,ND,DUB,CH,102235,one-way departures
2017,ND,DUB,PL,122746,one-way departures
2017,ND,DUB,CZ,26250,one-way departures
2017,ND,DUB,FI,32823,one-way departures
2017,ND,BFS,PL,25849,one-way departures
2017,ND,BFS,DE,6410,one-way departures
2017,ND,DUB,MT,5785,one-way departures
2017,ND,BFS,IT,5381,one-way departures
2017,ND,DUB,TR,9368,one-way departures
2017,ND,DUB,AE,11132,one-way departures
2017,ND,DUB,IL,15730,one-way departures
2017,ND,DUB,KE,1225,one-way departures
2017,ND,DUB,JO,978,one-way departures
2017,ND,DUB,BR,31364,one-way departures
2017,ND,DUB,ZA,16660,one-way departures
2017,ND,BHD,US,13282,one-way departures
2017,ND,BHD,DK,2547,one-way departures
2017,ND,DUB,HK,8687,one-way departures
2017,ND,DUB,TN,312,one-way departures
2017,ND,BFS,MT,126,one-way departures
2017,ND,BHD,CA,3606,one-way departures
2017,ND,BHD,NO,1604,one-way departures
2017,ND,BHD,LB,324,one-way departures
2017,ND,DUB,PK,1439,one-way departures
2017,ND,DUB,AL,315,one-way departures
2017,ND,DUB,ET,363,one-way departures
2017,ND,BHD,AU,2853,one-way departures
2017,ND,BHD,HR,174,one-way departures
2017,ND,BHD,SA,770,one-way departures
2017,ND,BHD,CL,164,one-way departures
2017,ND,BHD,KY,82,one-way departures
2017,ND,DUB,UG,378,one-way departures
2017,ND,DUB,PA,260,one-way departures
2017,ND,DUB,ZW,353,one-way departures
2017,ND,DUB,DZ,541,one-way departures
2017,ND,BHD,JP,819,one-way departures
2017,ND,BHD,IQ,171,one-way departures
2017,ND,BHD,MY,539,one-way departures
2017,ND,BHD,TW,160,one-way departures
2017,ND,DUB,SV,81,one-way departures
2017,ND,BHD,RU,749,one-way departures
2017,ND,DUB,CM,85,one-way departures
2017,ND,DUB,BW,143,one-way departures
2017,ND,BHD,AZ,59,one-way departures
2017,ND,BHD,CO,104,one-way departures
2017,ND,BHD,SI,49,one-way departures
2017,ND,BHD,BM,18,one-way departures
2017,ND,DUB,FO,96,one-way departures
2017,ND,DUB,SC,19,one-way departures
2017,ND,BHD,MM,23,one-way departures
2017,ND,BHD,KZ,103,one-way departures
2017,ND,DUB,MZ,144,one-way departures
2017,ND,DUB,LR,50,one-way departures
2017,ND,BHD,SO,13,one-way departures
2017,ND,BHD,LK,98,one-way departures
2017,ND,DUB,HN,63,one-way departures
2017,ND,BHD,HU,331,one-way departures
2017,ND,BHD,MA,138,one-way departures
2017,ND,DUB,DO,74,one-way departures
2017,ND,BHD,SD,8,one-way departures
2017,ND,BHD,KH,18,one-way departures
2017,ND,BHD,FJ,10,one-way departures
2017,ND,BHD,TZ,25,one-way departures
2017,ND,DUB,RW,102,one-way departures
2017,ND,BHD,IS,505,one-way departures
2017,ND,DUB,GD,30,one-way departures
2017,ND,BHD,LV,60,one-way departures
2017,ND,BHD,NA,28,one-way departures
2017,ND,BHD,VE,17,one-way departures
2017,ND,BFS,ZA,8,one-way departures
2017,ND,BFS,CZ,40,one-way departures
2017,ND,BFS,CH,3352,one-way departures
2017,ND,DUB,SS,54,one-way departures
2017,ND,BHD,TJ,2,one-way departures
2017,ND,BHD,DJ,2,one-way departures
2017,ND,BHD,ZM,33,one-way departures
2017,ND,DUB,GQ,7,one-way departures
2017,ND,BFS,PK,1,one-way departures
2017,ND,BHD,TD,7,one-way departures
2017,ND,BHD,BY,5,one-way departures
2017,ND,LDY,IT,1,one-way departures
2017,ND,BHD,GY,1,one-way departures
2017,ND,BHD,CI,7,one-way departures
2017,ND,BHD,00,2,one-way departures
2018,ND,DUB,AU,87452,one-way departures
2018,ND,DUB,GB,2150998,one-way departures
2018,ND,DUB,US,896474,one-way departures
2018,ND,BHD,ES,5362,one-way departures
2018,ND,DUB,MA,7393,one-way departures
2018,ND,BFS,FR,23786,one-way departures
2018,ND,DUB,IS,5522,one-way departures
2018,ND,DUB,CA,112667,one-way departures
2018,ND,BFS,PT,20406,one-way departures
2018,ND,DUB,MD,1988,one-way departures
2018,ND,DUB,DK,53923,one-way departures
2018,ND,BFS,GR,1267,one-way departures
2018,ND,DUB,SD,772,one-way departures
2018,ND,DUB,BY,529,one-way departures
2018,ND,DUB,MY,4348,one-way departures
2018,ND,DUB,SI,1171,one-way departures
2018,ND,DUB,RU,12790,one-way departures
2018,ND,DUB,NO,34676,one-way departures
2018,ND,DUB,HR,31855,one-way departures
2018,ND,DUB,JP,13981,one-way departures
2018,ND,DUB,SA,5675,one-way departures
2018,ND,DUB,LV,14998,one-way departures
2018,ND,BHD,IE,627,one-way departures
2018,ND,DUB,IQ,605,one-way departures
2018,ND,BHD,RO,237,one-way departures
2018,ND,DUB,CO,548,one-way departures
2018,ND,DUB,LB,1580,one-way departures
2018,ND,DUB,HU,32079,one-way departures
2018,ND,DUB,CL,1483,one-way departures
2018,ND,BHD,SE,1602,one-way departures
2018,ND,DUB,TW,2353,one-way departures
2018,ND,DUB,BM,558,one-way departures
2018,ND,BHD,NG,322,one-way departures
2018,ND,DUB,KZ,667,one-way departures
2018,ND,DUB,ZM,344,one-way departures
2018,ND,BHD,IN,1819,one-way departures
2018,ND,DUB,KY,505,one-way departures
2018,ND,DUB,VE,115,one-way departures
2018,ND,BHD,OM,255,one-way departures
2018,ND,BHD,KR,368,one-way departures
2018,ND,BHD,CY,77,one-way departures
2018,ND,BHD,AT,1201,one-way departures
2018,ND,BHD,NL,6458,one-way departures
2018,ND,BHD,MU,72,one-way departures
2018,ND,BHD,SG,487,one-way departures
2018,ND,DUB,LK,409,one-way departures
2018,ND,BHD,TH,317,one-way departures
2018,ND,DUB,PR,2127,one-way departures
2018,ND,BHD,PH,244,one-way departures
2018,ND,BHD,CN,1534,one-way departures
2018,ND,DUB,JM,118,one-way departures
2018,ND,BHD,BG,179,one-way departures
2018,ND,BHD,UA,118,one-way departures
2018,ND,DUB,TZ,400,one-way departures
2018,ND,DUB,LS,46,one-way departures
2018,ND,DUB,DJ,55,one-way departures
2018,ND,DUB,AZ,233,one-way departures
2018,ND,BHD,PE,28,one-way departures
2018,ND,DUB,KH,97,one-way departures
2018,ND,DUB,MM,117,one-way departures
2018,ND,BHD,LU,159,one-way departures
2018,ND,BHD,GE,21,one-way departures
2018,ND,DUB,TJ,13,one-way departures
2018,ND,DUB,SO,19,one-way departures
2018,ND,DUB,SZ,10,one-way departures
2018,ND,DUB,SN,96,one-way departures
2018,ND,DUB,ME,43,one-way departures
2018,ND,DUB,CU,47,one-way departures
2018,ND,DUB,FJ,56,one-way departures
2018,ND,BFS,NZ,28,one-way departures
2018,ND,BFS,LT,8714,one-way departures
2018,ND,BHD,TT,13,one-way departures
2018,ND,DUB,NA,107,one-way departures
2018,ND,DUB,GY,37,one-way departures
2018,ND,DUB,TM,28,one-way departures
2018,ND,BFS,BD,1,one-way departures
2018,ND,DUB,BF,45,one-way departures
2018,ND,DUB,CI,49,one-way departures
2018,ND,DUB,00,9,one-way departures
2018,ND,DUB,CV,2,one-way departures
2018,ND,BHD,GT,5,one-way departures
2018,ND,DUB,CF,15,one-way departures
2018,ND,BHD,MR,1,one-way departures
2018,ND,DUB,TD,11,one-way departures
2019,ND,DUB,GB,2042581,one-way departures
2019,ND,DUB,US,936985,one-way departures
2019,ND,DUB,HU,42428,one-way departures
2019,ND,DUB,CA,113161,one-way departures
2019,ND,DUB,DK,55891,one-way departures
2019,ND,DUB,LV,18386,one-way departures
2019,ND,DUB,NO,35669,one-way departures
2019,ND,DUB,HR,35416,one-way departures
2019,ND,DUB,RU,16381,one-way departures
2019,ND,BFS,PL,19174,one-way departures
2019,ND,BFS,MT,1389,one-way departures
2019,ND,DUB,TW,2755,one-way departures
2019,ND,DUB,AU,79542,one-way departures
2019,ND,DUB,JP,13895,one-way departures
2019,ND,DUB,SA,5387,one-way departures
2019,ND,DUB,PR,2606,one-way departures
2019,ND,DUB,MY,4149,one-way departures
2019,ND,DUB,LB,2096,one-way departures
2019,ND,BHD,FR,3281,one-way departures
2019,ND,DUB,BY,625,one-way departures
2019,ND,DUB,SI,903,one-way departures
2019,ND,DUB,MA,5747,one-way departures
2019,ND,DUB,CL,2050,one-way departures
2019,ND,BHD,BH,141,one-way departures
2019,ND,BHD,KW,240,one-way departures
2019,ND,DUB,BM,543,one-way departures
2019,ND,DUB,IQ,669,one-way departures
2019,ND,DUB,KZ,820,one-way departures
2019,ND,BHD,NZ,554,one-way departures
2019,ND,BHD,MX,223,one-way departures
2019,ND,DUB,KH,125,one-way departures
2019,ND,BHD,GH,124,one-way departures
2019,ND,DUB,LK,412,one-way departures
2019,ND,DUB,JM,137,one-way departures
2019,ND,DUB,NA,146,one-way departures
2019,ND,DUB,IS,4821,one-way departures
2019,ND,DUB,MM,92,one-way departures
2019,ND,DUB,CO,604,one-way departures
2019,ND,BHD,EE,106,one-way departures
2019,ND,DUB,ZM,333,one-way departures
2019,ND,DUB,SN,82,one-way departures
2019,ND,BHD,BD,54,one-way departures
2019,ND,BHD,VN,132,one-way departures
2019,ND,BHD,RS,54,one-way departures
2019,ND,BHD,AR,102,one-way departures
2019,ND,BHD,GR,196,one-way departures
2019,ND,BFS,DE,2850,one-way departures
2019,ND,DUB,TM,9,one-way departures
2019,ND,DUB,VE,82,one-way departures
2019,ND,BHD,ID,331,one-way departures
2019,ND,BHD,MW,40,one-way departures
2019,ND,BHD,PT,3762,one-way departures
2019,ND,DUB,LS,32,one-way departures
2019,ND,BFS,CH,3391,one-way departures
2019,ND,DUB,KY,586,one-way departures
2019,ND,DUB,BF,45,one-way departures
2019,ND,DUB,DJ,49,one-way departures
2019,ND,DUB,SZ,18,one-way departures
2019,ND,BFS,IT,12757,one-way departures
2019,ND,BHD,QA,169,one-way departures
2019,ND,DUB,CI,44,one-way departures
2019,ND,BHD,EG,250,one-way departures
2019,ND,DUB,TZ,240,one-way departures
2019,ND,BFS,ZA,12,one-way departures
2019,ND,DUB,GI,9,one-way departures
2019,ND,DUB,TD,12,one-way departures
2019,ND,BFS,IL,10,one-way departures
2019,ND,DUB,FJ,40,one-way departures
2019,ND,BHD,UY,28,one-way departures
2019,ND,DUB,MG,20,one-way departures
2019,ND,BHD,IR,28,one-way departures
2019,ND,BHD,SL,21,one-way departures
2019,ND,DUB,TJ,6,one-way departures
2019,ND,DUB,00,17,one-way departures
2019,ND,BHD,EC,16,one-way departures
2019,ND,DUB,GY,31,one-way departures
2019,ND,DUB,SD,644,one-way departures
2019,ND,DUB,UZ,43,one-way departures
2019,ND,BHD,MK,9,one-way departures
2019,ND,BHD,BO,1,one-way departures
2019,ND,BHD,CR,16,one-way departures
2019,ND,DUB,ME,26,one-way departures
2019,ND,BHD,ML,7,one-way departures
2019,ND,BFS,TR,2552,one-way departures
2019,ND,LDY,IE,1,one-way departures
2019,ND,BHD,BA,17,one-way departures
2019,ND,BHD,MN,11,one-way departures
2021,ND,DUB,NL,95339,one-way departures
2021,ND,DUB,ES,227551,one-way departures
2021,ND,BHD,GB,190954,one-way departures
2021,ND,DUB,SE,34251,one-way departures
2021,ND,DUB,AT,28393,one-way departures
2021,ND,DUB,RO,46514,one-way departures
2021,ND,DUB,LU,11937,one-way departures
2021,ND,DUB,SK,7984,one-way departures
2021,ND,BFS,PL,6396,one-way departures
2021,ND,BFS,CH,2528,one-way departures
2021,ND,DUB,NG,3833,one-way departures
2021,ND,DUB,CN,7852,one-way departures
2021,ND,DUB,UA,3123,one-way departures
2021,ND,DUB,KR,1889,one-way departures
2021,ND,BFS,TR,1294,one-way departures
2021,ND,DUB,IN,5483,one-way departures
2021,ND,BHD,US,11476,one-way departures
2021,ND,BHD,SA,361,one-way departures
2021,ND,BHD,DK,644,one-way departures
2021,ND,DUB,MU,209,one-way departures
2021,ND,DUB,BG,10213,one-way departures
2021,ND,BHD,CA,1599,one-way departures
2021,ND,DUB,OM,453,one-way departures
2021,ND,BFS,IT,3143,one-way departures
2021,ND,BHD,MA,144,one-way departures
2021,ND,DUB,SG,1494,one-way departures
2021,ND,DUB,CY,4284,one-way departures
2021,ND,DUB,BS,126,one-way departures
2021,ND,BHD,AU,808,one-way departures
2021,ND,DUB,PH,639,one-way departures
2021,ND,DUB,TH,1094,one-way departures
2021,ND,DUB,PE,177,one-way departures
2021,ND,BHD,HU,119,one-way departures
2021,ND,BHD,NO,388,one-way departures
2021,ND,BHD,JP,424,one-way departures
2021,ND,DUB,KG,16,one-way departures
2021,ND,DUB,CG,27,one-way departures
2021,ND,BFS,DE,55,one-way departures
2021,ND,BHD,RU,143,one-way departures
2021,ND,DUB,NE,25,one-way departures
2021,ND,DUB,TT,72,one-way departures
2021,ND,DUB,AO,46,one-way departures
2021,ND,DUB,MV,63,one-way departures
2021,ND,BHD,IQ,169,one-way departures
2021,ND,DUB,GN,23,one-way departures
2021,ND,DUB,BN,27,one-way departures
2021,ND,DUB,HT,22,one-way departures
2021,ND,BHD,LK,32,one-way departures
2021,ND,BHD,MY,226,one-way departures
2021,ND,DUB,BB,183,one-way departures
2021,ND,BHD,LB,21,one-way departures
2021,ND,BHD,HR,149,one-way departures
2021,ND,BHD,KH,7,one-way departures
2021,ND,BHD,KY,56,one-way departures
2021,ND,BHD,PR,11,one-way departures
2021,ND,BHD,LV,1,one-way departures
2021,ND,DUB,CD,45,one-way departures
2021,ND,DUB,LA,1,one-way departures
2021,ND,BHD,NA,9,one-way departures
2021,ND,DUB,GT,88,one-way departures
2021,ND,BHD,SD,1,one-way departures
2021,ND,BHD,CI,49,one-way departures
2021,ND,DUB,GE,301,one-way departures
2021,ND,BHD,TW,40,one-way departures
2021,ND,BHD,TZ,16,one-way departures
2021,ND,BHD,BM,70,one-way departures
2021,ND,DUB,VG,24,one-way departures
2021,ND,DUB,AG,48,one-way departures
2021,ND,BHD,JM,42,one-way departures
2021,ND,BHD,KZ,27,one-way departures
2021,ND,DUB,MQ,29,one-way departures
2021,ND,BHD,GA,4,one-way departures
2021,ND,DUB,BQ,7,one-way departures
2021,ND,BHD,CO,20,one-way departures
2021,ND,BHD,SO,16,one-way departures
2021,ND,BFS,CZ,1118,one-way departures
2021,ND,DUB,MR,24,one-way departures
2021,ND,BFS,IL,2,one-way departures
2021,ND,BHD,BF,6,one-way departures
2022,ND,DUB,FI,11933,one-way departures
2022,ND,DUB,DE,270186,one-way departures
2022,ND,DUB,IT,192719,one-way departures
2022,ND,DUB,BR,22246,one-way departures
2022,ND,BFS,IT,1280,one-way departures
2022,ND,DUB,AE,9013,one-way departures
2022,ND,BFS,TR,4719,one-way departures
2022,ND,DUB,TR,12282,one-way departures
2022,ND,DUB,IL,10539,one-way departures
2022,ND,DUB,ZA,19281,one-way departures
2022,ND,DUB,CH,56823,one-way departures
2022,ND,DUB,PL,87097,one-way departures
2022,ND,BHD,NL,4910,one-way departures
2022,ND,DUB,HK,1640,one-way departures
2022,ND,DUB,JO,891,one-way departures
2022,ND,DUB,CW,210,one-way departures
2022,ND,DUB,MT,4693,one-way departures
2022,ND,DUB,BE,59483,one-way departures
2022,ND,DUB,PK,1841,one-way departures
2022,ND,BHD,SE,852,one-way departures
2022,ND,BHD,ES,2246,one-way departures
2022,ND,BHD,AT,518,one-way departures
2022,ND,BHD,SG,319,one-way departures
2022,ND,DUB,CZ,13925,one-way departures
2022,ND,DUB,KE,1043,one-way departures
2022,ND,DUB,DZ,269,one-way departures
2022,ND,DUB,UG,363,one-way departures
2022,ND,DUB,SX,79,one-way departures
2022,ND,DUB,SV,345,one-way departures
2022,ND,DUB,BW,190,one-way departures
2022,ND,BHD,BG,39,one-way departures
2022,ND,DUB,PA,412,one-way departures
2022,ND,BHD,BB,81,one-way departures
2022,ND,BHD,LU,66,one-way departures
2022,ND,BHD,CY,159,one-way departures
2022,ND,DUB,SS,86,one-way departures
2022,ND,DUB,RW,77,one-way departures
2022,ND,DUB,MZ,188,one-way departures
2022,ND,BHD,NG,387,one-way departures
2022,ND,DUB,TN,216,one-way departures
2022,ND,BHD,IN,1085,one-way departures
2022,ND,DUB,ZW,424,one-way departures
2022,ND,BHD,AG,32,one-way departures
2022,ND,DUB,LR,62,one-way departures
2022,ND,LDY,DE,81,one-way departures
2022,ND,DUB,ET,164,one-way departures
2022,ND,DUB,GP,47,one-way departures
2022,ND,DUB,AL,357,one-way departures
2022,ND,DUB,DO,129,one-way departures
2022,ND,DUB,GD,36,one-way departures
2022,ND,BHD,TH,89,one-way departures
2022,ND,BHD,PH,70,one-way departures
2022,ND,BHD,OM,65,one-way departures
2022,ND,BHD,PE,33,one-way departures
2022,ND,BHD,KR,79,one-way departures
2022,ND,BHD,IE,5271,one-way departures
2022,ND,BHD,MU,36,one-way departures
2022,ND,DUB,FO,13,one-way departures
2022,ND,DUB,HN,69,one-way departures
2022,ND,DUB,GQ,25,one-way departures
2022,ND,DUB,CM,68,one-way departures
2022,ND,LDY,CZ,4,one-way departures
2022,ND,BHD,UA,6,one-way departures
2022,ND,BHD,BS,37,one-way departures
2022,ND,BHD,AO,11,one-way departures
2022,ND,DUB,GW,2,one-way departures
2022,ND,BHD,LA,19,one-way departures
2022,ND,DUB,PF,29,one-way departures
2022,ND,BHD,CG,5,one-way departures
2022,ND,BHD,TT,21,one-way departures
2022,ND,DUB,AW,94,one-way departures
2022,ND,BHD,MV,29,one-way departures
2022,ND,BHD,AM,7,one-way departures
2022,ND,BFS,PL,2821,one-way departures
2022,ND,BHD,RO,138,one-way departures
2022,ND,BHD,NE,2,one-way departures
2022,ND,BFS,DE,8,one-way departures
2022,ND,BFS,ZA,1,one-way departures
2022,ND,LDY,IT,34,one-way departures
2022,ND,LDY,FI,0,one-way departures
2024,ND,DUB,BR,19636,one-way departures
2024,ND,DUB,ZA,18059,one-way departures
2024,ND,DUB,CH,93651,one-way departures
2024,ND,DUB,PL,88350,one-way departures
2024,ND,DUB,IT,257261,one-way departures
2024,ND,BHD,DE,5292,one-way departures
2024,ND,DUB,DE,401400,one-way departures
2024,ND,DUB,IL,6040,one-way departures
2024,ND,DUB,MT,7595,one-way departures
2024,ND,DUB,CZ,22522,one-way departures
2024,ND,DUB,TR,31501,one-way departures
2024,ND,DUB,HK,4204,one-way departures
2024,ND,DUB,AE,12131,one-way departures
2024,ND,DUB,BE,67469,one-way departures
2024,ND,BHD,CH,1074,one-way departures
2024,ND,DUB,PK,2666,one-way departures
2024,ND,DUB,FI,20210,one-way departures
2024,ND,BHD,BE,332,one-way departures
2024,ND,BFS,GB,656095,one-way departures
2024,ND,BHD,ZA,890,one-way departures
2024,ND,DUB,AL,263,one-way departures
2024,ND,BHD,PL,504,one-way departures
2024,ND,DUB,TN,383,one-way departures
2024,ND,DUB,KE,1161,one-way departures
2024,ND,BHD,HK,495,one-way departures
2024,ND,BHD,IL,182,one-way departures
2024,ND,DUB,UG,306,one-way departures
2024,ND,BHD,JO,161,one-way departures
2024,ND,DUB,DZ,713,one-way departures
2024,ND,DUB,PA,436,one-way departures
2024,ND,BFS,ME,151,one-way departures
2024,ND,BHD,FI,621,one-way departures
2024,ND,DUB,GD,158,one-way departures
2024,ND,DUB,FO,77,one-way departures
2024,ND,DUB,ET,203,one-way departures
2024,ND,DUB,JO,690,one-way departures
2024,ND,LDY,IT,64,one-way departures
2024,ND,BHD,IT,1893,one-way departures
2024,ND,DUB,LR,52,one-way departures
2024,ND,DUB,ZW,449,one-way departures
2024,ND,DUB,SV,208,one-way departures
2024,ND,BHD,AE,601,one-way departures
2024,ND,BFS,HR,470,one-way departures
2024,ND,DUB,AW,160,one-way departures
2024,ND,BFS,MA,2064,one-way departures
2024,ND,DUB,CM,152,one-way departures
2024,ND,LDY,CH,98,one-way departures
2024,ND,BHD,TR,176,one-way departures
2024,ND,BHD,FO,26,one-way departures
2024,ND,LDY,HK,12,one-way departures
2024,ND,BHD,BR,564,one-way departures
2024,ND,LDY,ZA,27,one-way departures
2024,ND,BHD,PK,119,one-way departures
2024,ND,DUB,AF,12,one-way departures
2024,ND,LDY,KE,20,one-way departures
2024,ND,DUB,DO,383,one-way departures
2024,ND,DUB,MZ,102,one-way departures
2024,ND,DUB,PF,18,one-way departures
2024,ND,BHD,ZW,81,one-way departures
2024,ND,BHD,MT,49,one-way departures
2024,ND,BHD,UG,35,one-way departures
2024,ND,BHD,CZ,386,one-way departures
2024,ND,DUB,CW,311,one-way departures
2024,ND,BHD,DZ,58,one-way departures
2024,ND,BHD,SS,7,one-way departures
2024,ND,LDY,AE,27,one-way departures
2024,ND,BHD,LR,4,one-way departures
2024,ND,DUB,BW,287,one-way departures
2024,ND,BHD,SV,3,one-way departures
2024,ND,DUB,RW,71,one-way departures
2024,ND,DUB,HN,42,one-way departures
2024,ND,DUB,ER,5,one-way departures
2024,ND,BHD,SC,2,one-way departures
2024,ND,DUB,SS,46,one-way departures
2024,ND,DUB,GQ,19,one-way departures
2024,ND,BFS,US,828,one-way departures
2024,ND,DUB,GP,77,one-way departures
2024,ND,BHD,AL,20,one-way departures
2024,ND,LDY,PK,1,one-way departures
2024,ND,BHD,PA,13,one-way departures
2024,ND,LDY,IL,13,one-way departures
2024,ND,LDY,DE,80,one-way departures
2024,ND,BFS,JP,1,one-way departures
2024,ND,BHD,KE,202,one-way departures
2024,ND,BHD,RW,24,one-way departures
2024,ND,BHD,DO,10,one-way departures
2025,ND,DUB,IT,303443,one-way departures
2025,ND,DUB,DE,416775,one-way departures
2025,ND,DUB,BE,65383,one-way departures
2025,ND,DUB,CH,89449,one-way departures
2025,ND,BFS,ES,146084,one-way departures
2025,ND,DUB,PL,125443,one-way departures
2025,ND,DUB,CZ,23149,one-way departures
2025,ND,BFS,NL,9483,one-way departures
2025,ND,DUB,FI,19976,one-way departures
2025,ND,DUB,MT,12159,one-way departures
2025,ND,DUB,AE,13066,one-way departures
2025,ND,DUB,HK,4336,one-way departures
2025,ND,DUB,IL,4914,one-way departures
2025,ND,BHD,CH,1362,one-way departures
2025,ND,DUB,TR,29059,one-way departures
2025,ND,DUB,BR,16360,one-way departures
2025,ND,DUB,ZA,11666,one-way departures
2025,ND,BHD,DE,3376,one-way departures
2025,ND,DUB,TN,613,one-way departures
2025,ND,DUB,KE,1429,one-way departures
2025,ND,DUB,PK,1841,one-way departures
2025,ND,DUB,GP,138,one-way departures
2025,ND,BHD,KE,192,one-way departures
2025,ND,BHD,HK,267,one-way departures
2025,ND,BHD,PL,220,one-way departures
2025,ND,DUB,FO,68,one-way departures
2025,ND,BHD,BR,280,one-way departures
2025,ND,DUB,PA,322,one-way departures
2025,ND,BFS,IE,46,one-way departures
2025,ND,BHD,JO,157,one-way departures
2025,ND,DUB,DZ,580,one-way departures
2025,ND,DUB,UG,296,one-way departures
2025,ND,DUB,JO,851,one-way departures
2025,ND,BFS,AT,1168,one-way departures
2025,ND,BHD,AE,396,one-way departures
2025,ND,DUB,AW,162,one-way departures
2025,ND,DUB,DO,479,one-way departures
2025,ND,BHD,TR,104,one-way departures
2025,ND,BHD,FI,479,one-way departures
2025,ND,DUB,ZW,616,one-way departures
2025,ND,DUB,SV,250,one-way departures
2025,ND,DUB,ET,286,one-way departures
2025,ND,DUB,BW,128,one-way departures
2025,ND,BHD,RW,13,one-way departures
2025,ND,BHD,ZW,107,one-way departures
2025,ND,BHD,ZA,1177,one-way departures
2025,ND,BHD,FO,17,one-way departures
2025,ND,BHD,BE,272,one-way departures
2025,ND,DUB,SC,32,one-way departures
2025,ND,BHD,PK,130,one-way departures
2025,ND,DUB,MZ,178,one-way departures
2025,ND,DUB,CM,103,one-way departures
2025,ND,DUB,GQ,13,one-way departures
2025,ND,BHD,IT,2471,one-way departures
2025,ND,BHD,SS,11,one-way departures
2025,ND,DUB,ER,8,one-way departures
2025,ND,BHD,DO,3,one-way departures
2025,ND,DUB,GD,82,one-way departures
2025,ND,DUB,SS,37,one-way departures
2025,ND,BHD,IL,215,one-way departures
2025,ND,BHD,MT,21,one-way departures
2025,ND,BHD,DZ,12,one-way departures
2025,ND,DUB,LR,26,one-way departures
2025,ND,BHD,AL,19,one-way departures
2025,ND,BHD,MZ,17,one-way departures
2025,ND,DUB,PM,1,one-way departures
2025,ND,DUB,RW,74,one-way departures
2025,ND,BHD,SX,1,one-way departures
2025,ND,BHD,UG,23,one-way departures
2025,ND,LDY,NZ,2,one-way departures
2025,ND,DUB,HN,24,one-way departures
2025,ND,LDY,FR,193,one-way departures
2025,ND,DUB,SX,34,one-way departures
2025,ND,DUB,AL,448,one-way departures
2013,POO,DUB,GE,275,one-way departures
2013,POO,BHD,SL,33,one-way departures
2013,POO,BFS,IT,1346,one-way departures
2013,POO,DUB,MQ,25,one-way departures
2013,POO,BHD,EC,6,one-way departures
2013,POO,DUB,NE,5,one-way departures
2013,POO,BFS,IL,4,one-way departures
2013,POO,BFS,PA,6,one-way departures
2013,POO,BFS,BR,3,one-way departures
2013,POO,BFS,DO,1,one-way departures
2013,POO,DUB,BN,2,one-way departures
2013,POO,DUB,VG,13,one-way departures
2013,POO,BHD,CR,1,one-way departures
2013,POO,BHD,LT,4,one-way departures
2013,POO,DUB,CK,0,one-way departures
2023,ND,BFS,SE,139,one-way departures
2023,ND,DUB,CF,27,one-way departures
2023,ND,DUB,AZ,263,one-way departures
2023,ND,LDY,CZ,29,one-way departures
2023,ND,BFS,LU,4,one-way departures
2023,ND,BFS,TH,4,one-way departures
2023,ND,DUB,BY,3,one-way departures
2023,ND,DUB,UZ,65,one-way departures
2023,ND,DUB,DJ,19,one-way departures
2023,ND,LDY,FI,1,one-way departures
2023,ND,BFS,IE,46,one-way departures
2023,ND,BFS,CN,1,one-way departures
2014,ND,BFS,GR,12,one-way departures
2014,ND,DUB,GN,6,one-way departures
2014,ND,BHD,VG,3,one-way departures
2014,ND,BFS,NZ,46,one-way departures
2014,ND,BHD,AM,9,one-way departures
2014,ND,DUB,TO,3,one-way departures
2014,ND,DUB,GF,6,one-way departures
2014,ND,DUB,BT,1,one-way departures
2014,ND,LDY,CA,1,one-way departures
2014,ND,BHD,BS,4,one-way departures
2015,POO,BFS,PT,11084,one-way departures
2015,POO,BFS,LT,6160,one-way departures
2015,POO,BHD,ME,11,one-way departures
2015,POO,BHD,LV,21,one-way departures
2015,POO,BHD,GA,4,one-way departures
2015,POO,BHD,MD,11,one-way departures
2015,POO,DUB,CW,12,one-way departures
2015,POO,BFS,AR,3,one-way departures
2015,POO,DUB,PF,5,one-way departures
2015,POO,BFS,CR,5,one-way departures
2015,POO,BHD,YE,11,one-way departures
2015,POO,BHD,PR,3,one-way departures
2015,POO,BHD,FJ,1,one-way departures
2015,POO,BFS,UY,1,one-way departures
2016,ND,BFS,GR,1597,one-way departures
2016,ND,LDY,PT,198,one-way departures
2016,ND,BHD,BB,50,one-way departures
2016,ND,BHD,AM,26,one-way departures
2016,ND,DUB,ER,12,one-way departures
2016,ND,BHD,GE,23,one-way departures
2016,ND,BHD,UA,108,one-way departures
2016,ND,DUB,AW,17,one-way departures
2016,ND,BHD,BI,5,one-way departures
2016,ND,BFS,MK,1,one-way departures
2016,ND,DUB,PF,3,one-way departures
2016,ND,BHD,NE,3,one-way departures
2016,ND,DUB,GQ,2,one-way departures
2017,ND,DUB,AF,139,one-way departures
2017,ND,BHD,GI,11,one-way departures
2017,ND,DUB,CW,27,one-way departures
2017,ND,DUB,SX,24,one-way departures
2017,ND,DUB,PM,43,one-way departures
2017,ND,LDY,FO,3,one-way departures
2017,ND,BHD,CF,4,one-way departures
2017,ND,BHD,MD,4,one-way departures
2017,ND,DUB,AW,11,one-way departures
2017,ND,BFS,BR,1,one-way departures
2017,ND,BHD,JM,7,one-way departures
2017,ND,LDY,AE,1,one-way departures
2017,ND,BFS,IL,1,one-way departures
2018,ND,BHD,AO,28,one-way departures
2018,ND,LDY,IE,4,one-way departures
2018,ND,BHD,CD,5,one-way departures
2018,ND,LDY,RO,3,one-way departures
2018,ND,BFS,KW,2,one-way departures
2018,ND,BHD,BB,17,one-way departures
2018,ND,LDY,NG,2,one-way departures
2018,ND,DUB,VC,5,one-way departures
2018,ND,BHD,LA,3,one-way departures
2018,ND,DUB,MG,18,one-way departures
2018,ND,BHD,MV,1,one-way departures
2018,ND,DUB,GA,15,one-way departures
2018,ND,BHD,SK,7,one-way departures
2019,ND,DUB,AZ,250,one-way departures
2019,ND,BHD,LT,39,one-way departures
2019,ND,DUB,MD,2028,one-way departures
2019,ND,DUB,VC,7,one-way departures
2019,ND,DUB,CU,42,one-way departures
2019,ND,BHD,TL,11,one-way departures
2019,ND,BFS,PK,4,one-way departures
2019,ND,BFS,CZ,1934,one-way departures
2019,ND,BHD,LC,2,one-way departures
2019,ND,BHD,NP,23,one-way departures
2019,ND,LDY,NL,6,one-way departures
2019,ND,LDY,SE,2,one-way departures
2019,ND,DUB,SO,28,one-way departures
2019,ND,BFS,HK,1,one-way departures
2019,ND,LDY,CN,1,one-way departures
2019,ND,BFS,PA,1,one-way departures
2021,ND,BFS,MT,199,one-way departures
2021,ND,LDY,PK,26,one-way departures
2021,ND,DUB,AM,24,one-way departures
2021,ND,BHD,DJ,10,one-way departures
2021,ND,BHD,IS,35,one-way departures
2021,ND,BFS,AL,3,one-way departures
2021,ND,BHD,FJ,2,one-way departures
2021,ND,DUB,GF,32,one-way departures
2021,ND,LDY,DE,1,one-way departures
2021,ND,BHD,GY,1,one-way departures
2021,ND,BHD,CL,18,one-way departures
2021,ND,LDY,BE,1,one-way departures
2021,ND,BHD,AZ,54,one-way departures
2021,ND,DUB,MO,12,one-way departures
2022,ND,LDY,CH,22,one-way departures
2022,ND,BHD,HT,8,one-way departures
2022,ND,BFS,CZ,162,one-way departures
2022,ND,BHD,CN,6,one-way departures
2022,ND,BHD,GE,6,one-way departures
2022,ND,DUB,SC,18,one-way departures
2022,ND,BHD,CD,1,one-way departures
2022,ND,BHD,BN,13,one-way departures
2022,ND,LDY,TR,1,one-way departures
2022,ND,BFS,CH,2455,one-way departures
2024,ND,BFS,NO,195,one-way departures
2024,ND,BFS,HU,4167,one-way departures
2024,ND,BFS,LV,26,one-way departures
2024,ND,DUB,SC,43,one-way departures
2024,ND,LDY,CZ,11,one-way departures
2024,ND,BHD,TN,11,one-way departures
2024,ND,BHD,BW,17,one-way departures
2024,ND,BHD,ET,13,one-way departures
2024,ND,LDY,TR,10,one-way departures
2024,ND,BHD,CW,3,one-way departures
2024,ND,DUB,SX,69,one-way departures
2024,ND,LDY,ZW,3,one-way departures
2024,ND,BFS,UZ,2,one-way departures
2024,ND,BFS,AU,2,one-way departures
2024,ND,BHD,MZ,11,one-way departures
2024,ND,LDY,UG,1,one-way departures
2024,ND,BFS,KZ,1,one-way departures
2024,ND,BFS,DK,44,one-way departures
2024,ND,LDY,FI,1,one-way departures
2024,ND,LDY,PL,9,one-way departures
2024,ND,DUB,PM,1,one-way departures
2025,ND,BHD,CZ,348,one-way departures
2025,ND,DUB,CW,210,one-way departures
2025,ND,DUB,AF,17,one-way departures
2025,ND,BHD,BW,22,one-way departures
2025,ND,BFS,RO,4,one-way departures
2025,ND,BHD,CM,6,one-way departures
2025,ND,LDY,MX,3,one-way departures
2025,ND,BHD,LR,2,one-way departures
2025,ND,DUB,PF,1,one-way departures
2025,ND,BHD,CW,1,one-way departures
2025,ND,LDY,BH,1,one-way departures
2025,ND,BFS,IN,3,one-way departures
2025,ND,BFS,TH,3,one-way departures
2025,ND,BHD,ET,3,one-way departures
2013,POO,BHD,RE,2,one-way departures
2013,POO,BHD,MN,6,one-way departures
2013,POO,BHD,PY,2,one-way departures
2023,ND,BFS,CY,1270,one-way departures
2023,ND,BFS,SK,25,one-way departures
2023,ND,LDY,PL,10,one-way departures
2023,ND,BHD,GN,1,one-way departures
2014,ND,BHD,MV,4,one-way departures
2014,ND,BFS,AR,2,one-way departures
2014,ND,BHD,GN,1,one-way departures
2014,ND,DUB,CK,0,one-way departures
2015,POO,DUB,SC,28,one-way departures
2015,POO,BFS,ID,5,one-way departures
2015,POO,BHD,GI,2,one-way departures
2015,POO,BHD,TJ,2,one-way departures
2015,POO,BFS,EG,2,one-way departures
2015,POO,BHD,GY,1,one-way departures
2015,POO,BHD,DJ,2,one-way departures
2015,POO,BHD,SN,1,one-way departures
2016,ND,BHD,MV,5,one-way departures
2016,ND,DUB,GW,2,one-way departures
2016,ND,BHD,CD,1,one-way departures
2017,ND,BFS,TR,223,one-way departures
2017,ND,DUB,ER,8,one-way departures
2017,ND,BHD,BF,4,one-way departures
2017,ND,BHD,ME,3,one-way departures
2017,ND,BFS,HK,2,one-way departures
2017,ND,BFS,BE,5,one-way departures
2017,ND,DUB,GP,5,one-way departures
2017,ND,DUB,GW,1,one-way departures
2017,ND,LDY,ZA,1,one-way departures
2017,ND,BFS,KE,0,one-way departures
2017,ND,BFS,AE,0,one-way departures
2018,ND,LDY,ES,194,one-way departures
2018,ND,BHD,BN,16,one-way departures
2018,ND,BFS,VN,2,one-way departures
2018,ND,BFS,MN,2,one-way departures
2018,ND,DUB,UZ,17,one-way departures
2018,ND,BHD,BS,4,one-way departures
2018,ND,BHD,KG,1,one-way departures
2019,ND,BFS,TN,879,one-way departures
2019,ND,DUB,GA,14,one-way departures
2019,ND,BHD,WS,5,one-way departures
2019,ND,DUB,CF,12,one-way departures
2019,ND,LDY,IN,3,one-way departures
2019,ND,DUB,CV,8,one-way departures
2019,ND,LDY,ES,4,one-way departures
2019,ND,BFS,AL,1,one-way departures
2019,ND,BHD,LY,4,one-way departures
2019,ND,BFS,BE,6,one-way departures
2019,ND,BFS,FI,1,one-way departures
2019,ND,LDY,KR,1,one-way departures
2021,ND,BHD,GI,34,one-way departures
2021,ND,BHD,ZM,6,one-way departures
2021,ND,DUB,BI,2,one-way departures
2022,ND,LDY,ZA,2,one-way departures
2024,ND,BHD,GD,12,one-way departures
2024,ND,BFS,RU,1,one-way departures
2024,ND,LDY,JO,1,one-way departures
2025,ND,BFS,CY,4215,one-way departures
2025,ND,BFS,SE,10,one-way departures
2025,ND,LDY,QA,8,one-way departures
2025,ND,LDY,PT,1,one-way departures
2025,ND,BHD,PA,0,one-way departures
2013,POO,BFS,TR,2051,one-way departures
2013,POO,LDY,PT,987,one-way departures
2013,POO,BHD,LC,38,one-way departures
2013,POO,BFS,BE,10,one-way departures
2013,POO,BHD,BZ,1,one-way departures
2023,ND,BFS,RO,18,one-way departures
2023,ND,BHD,LA,2,one-way departures
2023,ND,BHD,KG,1,one-way departures
2023,ND,DUB,SH,1,one-way departures
2023,ND,LDY,BE,1,one-way departures
2014,ND,BFS,KN,5,one-way departures
2014,ND,LDY,US,5,one-way departures
2014,ND,LDY,AU,4,one-way departures
2014,ND,BFS,CR,1,one-way departures
2014,ND,DUB,MP,1,one-way departures
2015,POO,BHD,CF,3,one-way departures
2015,POO,DUB,MH,3,one-way departures
2015,POO,BHD,00,1,one-way departures
2015,POO,BHD,MG,1,one-way departures
2016,ND,BFS,CR,2,one-way departures
2016,ND,BFS,ID,1,one-way departures
2016,ND,BFS,NP,0,one-way departures
2017,ND,BFS,FI,33,one-way departures
2017,ND,DUB,PF,2,one-way departures
2017,ND,BFS,AF,1,one-way departures
2017,ND,LDY,DE,1,one-way departures
2017,ND,LDY,BE,1,one-way departures
2017,ND,BHD,UZ,1,one-way departures
2017,ND,LDY,JO,1,one-way departures
2018,ND,BFS,MX,51,one-way departures
2018,ND,DUB,GI,17,one-way departures
2018,ND,BFS,NP,6,one-way departures
2018,ND,LDY,AT,4,one-way departures
2018,ND,BHD,AM,9,one-way departures
2018,ND,BHD,VG,3,one-way departures
2018,ND,DUB,FM,2,one-way departures
2019,ND,BHD,BZ,2,one-way departures
2019,ND,BHD,KI,1,one-way departures
2019,ND,BHD,RE,1,one-way departures
2021,ND,BHD,SI,13,one-way departures
2021,ND,BFS,JO,0,one-way departures
2022,ND,DUB,ER,11,one-way departures
2022,ND,DUB,PM,4,one-way departures
2022,ND,LDY,AE,3,one-way departures
2022,ND,BHD,BI,1,one-way departures
2022,ND,BFS,AE,1,one-way departures
2024,ND,BFS,IS,32,one-way departures
2024,ND,LDY,BE,26,one-way departures
2024,ND,BHD,SX,1,one-way departures
2024,ND,BFS,VE,1,one-way departures
2024,ND,BFS,CA,1,one-way departures
2025,ND,LDY,GR,18,one-way departures
2025,ND,BHD,TN,2,one-way departures
2025,ND,BFS,BG,0,one-way departures
2025,ND,LDY,EE,0,one-way departures
2025,ND,BHD,SV,0,one-way departures
2013,POO,DUB,FR,307145,one-way departures
2013,POO,DUB,GR,8639,one-way departures
2013,POO,LDY,ES,1963,one-way departures
2013,POO,DUB,RS,1996,one-way departures
2013,POO,DUB,LT,22150,one-way departures
2013,POO,DUB,EE,4626,one-way departures
2013,POO,BFS,HR,508,one-way departures
2013,POO,BFS,US,8841,one-way departures
2013,POO,DUB,QA,1476,one-way departures
2013,POO,DUB,PT,91150,one-way departures
2013,POO,DUB,BA,320,one-way departures
2013,POO,DUB,MX,3153,one-way departures
2013,POO,DUB,LY,593,one-way departures
2013,POO,BHD,ES,10184,one-way departures
2013,POO,BHD,IE,589,one-way departures
2013,POO,DUB,KW,1409,one-way departures
2013,POO,BFS,GB,418502,one-way departures
2013,POO,BHD,CN,481,one-way departures
2013,POO,DUB,BD,232,one-way departures
2013,POO,BHD,NL,591,one-way departures
2013,POO,DUB,NZ,6743,one-way departures
2013,POO,DUB,AR,2446,one-way departures
2013,POO,BHD,SE,952,one-way departures
2013,POO,DUB,IR,268,one-way departures
2013,POO,BHD,IN,1340,one-way departures
2013,POO,DUB,BH,1310,one-way departures
2013,POO,BFS,CA,1409,one-way departures
2013,POO,BHD,SG,321,one-way departures
2013,POO,BHD,BG,121,one-way departures
2013,POO,DUB,MN,166,one-way departures
2013,POO,DUB,EG,1703,one-way departures
2013,POO,BHD,AT,403,one-way departures
2013,POO,DUB,MW,447,one-way departures
2013,POO,DUB,EC,85,one-way departures
2013,POO,BHD,KR,145,one-way departures
2013,POO,DUB,NP,115,one-way departures
2013,POO,BHD,LU,240,one-way departures
2013,POO,DUB,NC,191,one-way departures
2013,POO,DUB,ID,410,one-way departures
2013,POO,DUB,UY,516,one-way departures
2013,POO,BFS,AU,138,one-way departures
2013,POO,BHD,CY,108,one-way departures
2013,POO,DUB,CR,186,one-way departures
2013,POO,DUB,VN,356,one-way departures
2013,POO,DUB,GH,277,one-way departures
2013,POO,DUB,SL,99,one-way departures
2013,POO,BHD,TT,24,one-way departures
2013,POO,DUB,BO,99,one-way departures
2013,POO,BHD,TH,242,one-way departures
2013,POO,BHD,PH,124,one-way departures
2013,POO,BFS,DK,29,one-way departures
2013,POO,DUB,VI,43,one-way departures
2013,POO,DUB,NI,28,one-way departures
2013,POO,DUB,PG,55,one-way departures
2013,POO,DUB,TC,34,one-way departures
2013,POO,BHD,OM,152,one-way departures
2013,POO,DUB,MK,215,one-way departures
2013,POO,BHD,NG,358,one-way departures
2013,POO,BHD,UA,279,one-way departures
2013,POO,DUB,GL,11,one-way departures
2013,POO,BHD,AM,4,one-way departures
2013,POO,DUB,PY,79,one-way departures
2013,POO,DUB,GM,16,one-way departures
2013,POO,BHD,BN,5,one-way departures
2013,POO,BFS,00,7,one-way departures
2013,POO,BHD,LA,2,one-way departures
2013,POO,BHD,AG,3,one-way departures
2013,POO,BHD,CG,2,one-way departures
2013,POO,BHD,KG,15,one-way departures
2013,POO,BHD,BS,8,one-way departures
2013,POO,BHD,PE,10,one-way departures
2013,POO,DUB,BZ,21,one-way departures
2013,POO,DUB,DM,4,one-way departures
2013,POO,DUB,VU,5,one-way departures
2013,POO,BHD,RO,163,one-way departures
2013,POO,DUB,LC,22,one-way departures
2013,POO,BHD,GT,21,one-way departures
2013,POO,DUB,RE,92,one-way departures
2013,POO,DUB,SR,12,one-way departures
2013,POO,DUB,KN,11,one-way departures
2013,POO,BHD,AO,53,one-way departures
2013,POO,BHD,MU,11,one-way departures
2013,POO,DUB,WS,5,one-way departures
2023,ND,DUB,PL,89119,one-way departures
2023,ND,BFS,GR,8078,one-way departures
2023,ND,LDY,GB,26462,one-way departures
2023,ND,DUB,IT,219790,one-way departures
2023,ND,DUB,MT,7269,one-way departures
2023,ND,DUB,DE,339991,one-way departures
2023,ND,DUB,FI,16703,one-way departures
2023,ND,DUB,CZ,18663,one-way departures
2023,ND,DUB,IL,15414,one-way departures
2023,ND,DUB,ZA,20910,one-way departures
2023,ND,BFS,PT,28544,one-way departures
2023,ND,DUB,TR,23946,one-way departures
2023,ND,DUB,CH,76809,one-way departures
2023,ND,BFS,FR,27578,one-way departures
2023,ND,DUB,HK,4655,one-way departures
2023,ND,DUB,BR,24022,one-way departures
2023,ND,DUB,AE,11341,one-way departures
2023,ND,DUB,BE,64301,one-way departures
2023,ND,BHD,EG,198,one-way departures
2023,ND,BHD,FR,2482,one-way departures
2023,ND,BHD,KW,308,one-way departures
2023,ND,DUB,KE,1382,one-way departures
2023,ND,DUB,CW,166,one-way departures
2023,ND,DUB,DO,544,one-way departures
2023,ND,BHD,GH,157,one-way departures
2023,ND,DUB,PK,1867,one-way departures
2023,ND,DUB,JO,935,one-way departures
2023,ND,DUB,DZ,863,one-way departures
2023,ND,DUB,AL,347,one-way departures
2023,ND,DUB,PA,621,one-way departures
2023,ND,DUB,TN,323,one-way departures
2023,ND,LDY,US,383,one-way departures
2023,ND,BHD,GR,654,one-way departures
2023,ND,BHD,QA,134,one-way departures
2023,ND,LDY,JP,39,one-way departures
2023,ND,BHD,NZ,422,one-way departures
2023,ND,BHD,RS,128,one-way departures
2023,ND,DUB,BW,340,one-way departures
2023,ND,DUB,SV,332,one-way departures
2023,ND,BHD,AR,111,one-way departures
2023,ND,DUB,PF,34,one-way departures
2023,ND,BHD,EC,48,one-way departures
2023,ND,DUB,FO,40,one-way departures
2023,ND,DUB,SX,159,one-way departures
2023,ND,DUB,ZW,364,one-way departures
2023,ND,DUB,HN,176,one-way departures
2023,ND,DUB,SC,60,one-way departures
2023,ND,DUB,ET,237,one-way departures
2023,ND,BHD,ID,178,one-way departures
2023,ND,BHD,PT,764,one-way departures
2023,ND,BHD,NP,31,one-way departures
2023,ND,DUB,CM,123,one-way departures
2023,ND,BHD,VN,31,one-way departures
2023,ND,BHD,PY,6,one-way departures
2023,ND,DUB,SS,42,one-way departures
2023,ND,BHD,BD,21,one-way departures
2023,ND,DUB,AW,224,one-way departures
2023,ND,BHD,MX,228,one-way departures
2023,ND,DUB,GD,206,one-way departures
2023,ND,DUB,MZ,126,one-way departures
2023,ND,LDY,LK,5,one-way departures
2023,ND,LDY,LV,3,one-way departures
2023,ND,BFS,EE,4,one-way departures
2023,ND,LDY,SI,2,one-way departures
2023,ND,DUB,LR,29,one-way departures
2023,ND,DUB,ER,5,one-way departures
2023,ND,BHD,LT,50,one-way departures
2023,ND,DUB,UG,288,one-way departures
2023,ND,BHD,MW,13,one-way departures
2023,ND,DUB,GP,70,one-way departures
2023,ND,LDY,CA,7,one-way departures
2023,ND,BHD,BJ,1,one-way departures
2023,ND,LDY,TW,2,one-way departures
2023,ND,DUB,RW,94,one-way departures
2023,ND,BHD,GM,1,one-way departures
2023,ND,LDY,AU,13,one-way departures
2023,ND,BHD,NC,1,one-way departures
2014,ND,DUB,FR,259801,one-way departures
2014,ND,BFS,AT,480,one-way departures
2014,ND,DUB,GR,12364,one-way departures
2014,ND,DUB,AR,2559,one-way departures
2014,ND,BFS,ES,61568,one-way departures
2014,ND,DUB,MX,4039,one-way departures
2014,ND,DUB,QA,1946,one-way departures
2014,ND,DUB,LT,25022,one-way departures
2014,ND,DUB,EG,1559,one-way departures
2014,ND,DUB,BA,246,one-way departures
2014,ND,DUB,PT,82368,one-way departures
2014,ND,BHD,FR,2818,one-way departures
2014,ND,DUB,EE,2723,one-way departures
2014,ND,DUB,UY,566,one-way departures
2014,ND,DUB,MK,186,one-way departures
2014,ND,DUB,MW,468,one-way departures
2014,ND,DUB,BD,375,one-way departures
2014,ND,BHD,EG,167,one-way departures
2014,ND,DUB,NZ,8600,one-way departures
2014,ND,BFS,BG,80,one-way departures
2014,ND,DUB,VN,475,one-way departures
2014,ND,DUB,SL,95,one-way departures
2014,ND,BHD,QA,319,one-way departures
2014,ND,DUB,KW,1383,one-way departures
2014,ND,DUB,GH,272,one-way departures
2014,ND,DUB,ID,642,one-way departures
2014,ND,BHD,RS,113,one-way departures
2014,ND,DUB,MN,165,one-way departures
2014,ND,DUB,CR,314,one-way departures
2014,ND,DUB,NP,170,one-way departures
2014,ND,BHD,BH,258,one-way departures
2014,ND,BHD,AR,86,one-way departures
2014,ND,BHD,NZ,615,one-way departures
2014,ND,DUB,RS,1412,one-way departures
2014,ND,DUB,LY,518,one-way departures
2014,ND,DUB,BH,1477,one-way departures
2014,ND,DUB,NC,217,one-way departures
2014,ND,BHD,MK,72,one-way departures
2014,ND,DUB,IR,343,one-way departures
2014,ND,DUB,BJ,26,one-way departures
2014,ND,DUB,TC,27,one-way departures
2014,ND,DUB,NI,54,one-way departures
2014,ND,DUB,PY,53,one-way departures
2014,ND,BFS,IE,17,one-way departures
2014,ND,BHD,VN,29,one-way departures
2014,ND,BHD,ID,89,one-way departures
2014,ND,DUB,PG,51,one-way departures
2014,ND,DUB,VI,52,one-way departures
2014,ND,DUB,EC,141,one-way departures
2014,ND,DUB,BO,95,one-way departures
2014,ND,BHD,UY,9,one-way departures
2014,ND,BHD,MW,35,one-way departures
2014,ND,BHD,BA,33,one-way departures
2014,ND,BFS,NL,12838,one-way departures
2014,ND,BHD,NP,25,one-way departures
2014,ND,BHD,PG,20,one-way departures
2014,ND,DUB,ML,35,one-way departures
2014,ND,BHD,MX,75,one-way departures
2014,ND,BHD,PT,18757,one-way departures
2014,ND,DUB,VU,8,one-way departures
2014,ND,BHD,GR,283,one-way departures
2014,ND,DUB,GL,15,one-way departures
2014,ND,DUB,GM,38,one-way departures
2014,ND,BHD,BD,14,one-way departures
2014,ND,DUB,GU,4,one-way departures
2014,ND,DUB,SR,23,one-way departures
2014,ND,BHD,EE,39,one-way departures
2014,ND,DUB,RE,33,one-way departures
2014,ND,DUB,DM,7,one-way departures
2014,ND,BHD,GH,63,one-way departures
2014,ND,BHD,EC,5,one-way departures
2014,ND,BHD,LT,9,one-way departures
2014,ND,BHD,MN,3,one-way departures
2014,ND,DUB,BZ,15,one-way departures
2014,ND,BHD,SL,43,one-way departures
2014,ND,BHD,KW,154,one-way departures
2014,ND,DUB,KI,2,one-way departures
2014,ND,BFS,SE,8,one-way departures
2015,POO,DUB,US,505782,one-way departures
2015,POO,DUB,MY,3935,one-way departures
2015,POO,DUB,AU,68183,one-way departures
2015,POO,DUB,CA,79918,one-way departures
2015,POO,DUB,JP,11102,one-way departures
2015,POO,BFS,ES,69613,one-way departures
2015,POO,DUB,GB,1826555,one-way departures
2015,POO,DUB,RU,11469,one-way departures
2015,POO,DUB,DK,63877,one-way departures
2015,POO,DUB,HR,19838,one-way departures
2015,POO,BHD,HK,1352,one-way departures
2015,POO,BHD,BE,991,one-way departures
2015,POO,DUB,PR,1563,one-way departures
2015,POO,DUB,NO,38998,one-way departures
2015,POO,DUB,SA,5857,one-way departures
2015,POO,BHD,ZA,870,one-way departures
2015,POO,BHD,FI,1056,one-way departures
2015,POO,BHD,DE,4863,one-way departures
2015,POO,DUB,AZ,302,one-way departures
2015,POO,DUB,LB,1300,one-way departures
2015,POO,DUB,LV,16924,one-way departures
2015,POO,BHD,CZ,203,one-way departures
2015,POO,BHD,CH,1734,one-way departures
2015,POO,DUB,IQ,568,one-way departures
2015,POO,BFS,NL,10474,one-way departures
2015,POO,BHD,IT,1846,one-way departures
2015,POO,DUB,KZ,471,one-way departures
2015,POO,DUB,CO,465,one-way departures
2015,POO,DUB,VE,322,one-way departures
2015,POO,DUB,HU,29888,one-way departures
2015,POO,BHD,KE,320,one-way departures
2015,POO,DUB,JM,168,one-way departures
2015,POO,DUB,TW,1007,one-way departures
2015,POO,DUB,TZ,351,one-way departures
2015,POO,DUB,NA,128,one-way departures
2015,POO,DUB,IS,699,one-way departures
2015,POO,BHD,PL,537,one-way departures
2015,POO,DUB,ZM,282,one-way departures
2015,POO,DUB,SD,697,one-way departures
2015,POO,BHD,IL,640,one-way departures
2015,POO,BHD,JO,187,one-way departures
2015,POO,BHD,UG,50,one-way departures
2015,POO,DUB,LK,396,one-way departures
2015,POO,DUB,DJ,35,one-way departures
2015,POO,DUB,00,115,one-way departures
2015,POO,DUB,BM,510,one-way departures
2015,POO,DUB,GA,36,one-way departures
2015,POO,DUB,MA,6661,one-way departures
2015,POO,DUB,CL,802,one-way departures
2015,POO,DUB,KY,469,one-way departures
2015,POO,BHD,AE,651,one-way departures
2015,POO,BHD,ZW,37,one-way departures
2015,POO,BHD,TR,309,one-way departures
2015,POO,DUB,KH,71,one-way departures
2015,POO,DUB,SN,97,one-way departures
2015,POO,BHD,BR,393,one-way departures
2015,POO,BHD,AL,18,one-way departures
2015,POO,DUB,BY,458,one-way departures
2015,POO,DUB,CI,42,one-way departures
2015,POO,DUB,SI,1187,one-way departures
2015,POO,DUB,GI,27,one-way departures
2015,POO,BHD,AF,18,one-way departures
2015,POO,DUB,LS,47,one-way departures
2015,POO,BHD,RW,23,one-way departures
2015,POO,DUB,TM,7,one-way departures
2015,POO,BHD,BW,8,one-way departures
2015,POO,DUB,CU,48,one-way departures
2015,POO,BHD,FO,24,one-way departures
2015,POO,DUB,YE,12,one-way departures
2015,POO,DUB,MD,636,one-way departures
2015,POO,BHD,PK,45,one-way departures
2015,POO,BHD,TN,22,one-way departures
2015,POO,DUB,ME,41,one-way departures
2015,POO,DUB,BF,36,one-way departures
2015,POO,BHD,LR,6,one-way departures
2015,POO,DUB,FJ,68,one-way departures
2015,POO,BHD,MZ,48,one-way departures
2015,POO,BFS,CN,2,one-way departures
2015,POO,BHD,ET,9,one-way departures
2015,POO,DUB,MG,4,one-way departures
2015,POO,BHD,HN,4,one-way departures
2015,POO,DUB,VC,12,one-way departures
2015,POO,DUB,MM,90,one-way departures
2015,POO,BHD,CM,7,one-way departures
2015,POO,DUB,TD,26,one-way departures
2015,POO,DUB,GY,18,one-way departures
2015,POO,DUB,FM,1,one-way departures
2015,POO,BFS,SK,1,one-way departures
2015,POO,BFS,LU,1,one-way departures
2015,POO,BHD,MT,113,one-way departures
2015,POO,BHD,DZ,26,one-way departures
2016,ND,DUB,US,580060,one-way departures
2016,ND,DUB,GB,1991911,one-way departures
2016,ND,BFS,ES,82781,one-way departures
2016,ND,DUB,PR,1349,one-way departures
2016,ND,DUB,CA,85736,one-way departures
2016,ND,DUB,AU,75913,one-way departures
2016,ND,DUB,SA,6510,one-way departures
2016,ND,DUB,JP,12302,one-way departures
2016,ND,DUB,RU,10274,one-way departures
2016,ND,DUB,TW,2174,one-way departures
2016,ND,DUB,HR,18911,one-way departures
2016,ND,DUB,NO,36698,one-way departures
2016,ND,DUB,DK,60238,one-way departures
2016,ND,DUB,MY,4508,one-way departures
2016,ND,DUB,LV,19023,one-way departures
2016,ND,BHD,FR,3966,one-way departures
2016,ND,DUB,LK,422,one-way departures
2016,ND,DUB,HU,34634,one-way departures
2016,ND,DUB,BM,487,one-way departures
2016,ND,DUB,SD,657,one-way departures
2016,ND,DUB,CO,482,one-way departures
2016,ND,BHD,PT,15565,one-way departures
2016,ND,DUB,KZ,618,one-way departures
2016,ND,DUB,BY,383,one-way departures
2016,ND,DUB,VE,142,one-way departures
2016,ND,DUB,TZ,311,one-way departures
2016,ND,DUB,CL,971,one-way departures
2016,ND,BHD,KW,120,one-way departures
2016,ND,BHD,GR,499,one-way departures
2016,ND,DUB,ME,57,one-way departures
2016,ND,DUB,KY,492,one-way departures
2016,ND,DUB,MA,5423,one-way departures
2016,ND,DUB,LB,1351,one-way departures
2016,ND,DUB,IQ,467,one-way departures
2016,ND,BHD,EE,72,one-way departures
2016,ND,DUB,MM,90,one-way departures
2016,ND,BHD,QA,233,one-way departures
2016,ND,DUB,SI,1274,one-way departures
2016,ND,DUB,KH,90,one-way departures
2016,ND,DUB,SN,85,one-way departures
2016,ND,BHD,MX,143,one-way departures
2016,ND,BHD,ID,122,one-way departures
2016,ND,DUB,IS,2011,one-way departures
2016,ND,DUB,LS,28,one-way departures
2016,ND,DUB,MD,1986,one-way departures
2016,ND,DUB,GI,21,one-way departures
2016,ND,DUB,BF,24,one-way departures
2016,ND,DUB,ZM,285,one-way departures
2016,ND,DUB,CU,58,one-way departures
2016,ND,BHD,BH,177,one-way departures
2016,ND,BHD,NZ,646,one-way departures
2016,ND,DUB,TD,15,one-way departures
2016,ND,BHD,MK,30,one-way departures
2016,ND,DUB,NA,97,one-way departures
2016,ND,DUB,AZ,220,one-way departures
2016,ND,BHD,LT,21,one-way departures
2016,ND,DUB,JM,170,one-way departures
2016,ND,DUB,00,116,one-way departures
2016,ND,BHD,VI,20,one-way departures
2016,ND,BHD,BD,27,one-way departures
2016,ND,BHD,BA,16,one-way departures
2016,ND,DUB,CI,50,one-way departures
2016,ND,DUB,CF,9,one-way departures
2016,ND,BHD,AR,47,one-way departures
2016,ND,BHD,PG,10,one-way departures
2016,ND,BHD,MW,40,one-way departures
2016,ND,DUB,FJ,118,one-way departures
2016,ND,BHD,GH,199,one-way departures
2016,ND,DUB,SZ,17,one-way departures
2016,ND,BHD,VN,62,one-way departures
2016,ND,DUB,GY,17,one-way departures
2016,ND,BHD,RE,11,one-way departures
2016,ND,DUB,UZ,19,one-way departures
2016,ND,BFS,AT,5,one-way departures
2016,ND,BFS,SE,9,one-way departures
2016,ND,BFS,IE,36,one-way departures
2016,ND,DUB,SO,21,one-way departures
2016,ND,BFS,BB,1,one-way departures
2016,ND,DUB,DJ,27,one-way departures
2016,ND,BHD,SL,1,one-way departures
2016,ND,BHD,EC,7,one-way departures
2016,ND,BHD,RS,72,one-way departures
2016,ND,BHD,BZ,9,one-way departures
2016,ND,BHD,MN,8,one-way departures
2016,ND,BHD,NP,40,one-way departures
2016,ND,DUB,MG,12,one-way departures
2016,ND,BFS,NL,13680,one-way departures
2016,ND,BHD,CR,17,one-way departures
2016,ND,BFS,IN,9,one-way departures
2017,ND,DUB,GB,2073608,one-way departures
2017,ND,BFS,GB,625449,one-way departures
2017,ND,DUB,US,698728,one-way departures
2017,ND,DUB,HU,31745,one-way departures
2017,ND,DUB,DK,59280,one-way departures
2017,ND,DUB,CA,94066,one-way departures
2017,ND,LDY,GB,42551,one-way departures
2017,ND,DUB,NO,38750,one-way departures
2017,ND,DUB,LV,13547,one-way departures
2017,ND,DUB,HR,26246,one-way departures
2017,ND,DUB,AU,83439,one-way departures
2017,ND,DUB,SA,5909,one-way departures
2017,ND,BHD,IT,2960,one-way departures
2017,ND,BHD,FI,1045,one-way departures
2017,ND,DUB,JP,14729,one-way departures
2017,ND,BHD,TR,538,one-way departures
2017,ND,DUB,MY,4876,one-way departures
2017,ND,DUB,RU,12688,one-way departures
2017,ND,BHD,BE,1930,one-way departures
2017,ND,BHD,DE,7911,one-way departures
2017,ND,BHD,HK,1414,one-way departures
2017,ND,DUB,BY,399,one-way departures
2017,ND,DUB,LK,540,one-way departures
2017,ND,DUB,TW,2323,one-way departures
2017,ND,BHD,AE,703,one-way departures
2017,ND,DUB,AZ,255,one-way departures
2017,ND,BHD,CH,2968,one-way departures
2017,ND,DUB,CL,1235,one-way departures
2017,ND,DUB,MA,3116,one-way departures
2017,ND,BHD,IL,584,one-way departures
2017,ND,DUB,PR,1012,one-way departures
2017,ND,DUB,KZ,552,one-way departures
2017,ND,DUB,SI,1044,one-way departures
2017,ND,BHD,PL,527,one-way departures
2017,ND,BHD,ZA,838,one-way departures
2017,ND,BHD,UG,89,one-way departures
2017,ND,DUB,TZ,312,one-way departures
2017,ND,DUB,UZ,32,one-way departures
2017,ND,DUB,BM,564,one-way departures
2017,ND,DUB,LB,1781,one-way departures
2017,ND,BHD,BR,338,one-way departures
2017,ND,DUB,KH,178,one-way departures
2017,ND,DUB,KY,444,one-way departures
2017,ND,DUB,SD,367,one-way departures
2017,ND,BHD,CZ,538,one-way departures
2017,ND,DUB,DJ,61,one-way departures
2017,ND,BFS,US,7227,one-way departures
2017,ND,DUB,SN,109,one-way departures
2017,ND,DUB,00,46,one-way departures
2017,ND,DUB,ME,54,one-way departures
2017,ND,DUB,IQ,438,one-way departures
2017,ND,DUB,TJ,14,one-way departures
2017,ND,DUB,JM,191,one-way departures
2017,ND,DUB,CO,584,one-way departures
2017,ND,DUB,FJ,75,one-way departures
2017,ND,BHD,ZW,37,one-way departures
2017,ND,DUB,VE,79,one-way departures
2017,ND,BHD,MT,69,one-way departures
2017,ND,BHD,KE,197,one-way departures
2017,ND,DUB,NA,70,one-way departures
2017,ND,DUB,CU,163,one-way departures
2017,ND,BHD,SS,21,one-way departures
2017,ND,DUB,ZM,380,one-way departures
2017,ND,DUB,GY,22,one-way departures
2017,ND,BHD,PK,45,one-way departures
2017,ND,BHD,DO,15,one-way departures
2017,ND,BHD,AL,12,one-way departures
2017,ND,DUB,SZ,9,one-way departures
2017,ND,DUB,GI,29,one-way departures
2017,ND,BFS,AU,99,one-way departures
2017,ND,BHD,TN,19,one-way departures
2017,ND,DUB,IS,4460,one-way departures
2017,ND,BHD,BW,23,one-way departures
2017,ND,BHD,ET,11,one-way departures
2017,ND,DUB,CI,45,one-way departures
2017,ND,BFS,ZM,2,one-way departures
2017,ND,BFS,CA,89,one-way departures
2017,ND,BHD,DZ,16,one-way departures
2017,ND,DUB,CX,2,one-way departures
2017,ND,BHD,JO,261,one-way departures
2017,ND,DUB,MG,16,one-way departures
2017,ND,DUB,MM,115,one-way departures
2017,ND,BHD,FO,12,one-way departures
2017,ND,BHD,AF,22,one-way departures
2017,ND,BHD,PA,13,one-way departures
2017,ND,DUB,CF,18,one-way departures
2017,ND,BHD,RW,16,one-way departures
2017,ND,DUB,GA,10,one-way departures
2017,ND,DUB,LS,12,one-way departures
2017,ND,DUB,MD,2213,one-way departures
2017,ND,DUB,TD,20,one-way departures
2017,ND,DUB,SO,15,one-way departures
2017,ND,BHD,SX,0,one-way departures
2017,ND,BHD,LR,2,one-way departures
2018,ND,DUB,DE,491780,one-way departures
2018,ND,BFS,ES,109868,one-way departures
2018,ND,DUB,IL,14163,one-way departures
2018,ND,DUB,IT,249389,one-way departures
2018,ND,DUB,CH,108431,one-way departures
2018,ND,BHD,PT,3534,one-way departures
2018,ND,DUB,PL,112495,one-way departures
2018,ND,DUB,CZ,25671,one-way departures
2018,ND,DUB,ZA,17194,one-way departures
2018,ND,DUB,BR,35327,one-way departures
2018,ND,DUB,HK,9651,one-way departures
2018,ND,DUB,AE,12180,one-way departures
2018,ND,DUB,FI,27650,one-way departures
2018,ND,BHD,FR,3735,one-way departures
2018,ND,DUB,KE,1246,one-way departures
2018,ND,DUB,BE,86434,one-way departures
2018,ND,DUB,ZW,573,one-way departures
2018,ND,DUB,PA,293,one-way departures
2018,ND,DUB,AL,225,one-way departures
2018,ND,DUB,AF,131,one-way departures
2018,ND,DUB,JO,910,one-way departures
2018,ND,BHD,MX,258,one-way departures
2018,ND,BFS,BG,48,one-way departures
2018,ND,DUB,TR,12746,one-way departures
2018,ND,BHD,EG,230,one-way departures
2018,ND,DUB,ET,346,one-way departures
2018,ND,DUB,TN,282,one-way departures
2018,ND,DUB,DO,97,one-way departures
2018,ND,BHD,KW,154,one-way departures
2018,ND,BFS,CY,1670,one-way departures
2018,ND,DUB,DZ,381,one-way departures
2018,ND,DUB,RW,125,one-way departures
2018,ND,DUB,BW,219,one-way departures
2018,ND,BHD,PG,18,one-way departures
2018,ND,DUB,UG,379,one-way departures
2018,ND,BHD,BH,167,one-way departures
2018,ND,BHD,NZ,569,one-way departures
2018,ND,DUB,PM,20,one-way departures
2018,ND,BHD,QA,144,one-way departures
2018,ND,DUB,SV,134,one-way departures
2018,ND,DUB,CM,104,one-way departures
2018,ND,BHD,NP,35,one-way departures
2018,ND,DUB,PK,1714,one-way departures
2018,ND,BFS,IE,171,one-way departures
2018,ND,DUB,MZ,112,one-way departures
2018,ND,BHD,ID,132,one-way departures
2018,ND,DUB,FO,47,one-way departures
2018,ND,DUB,HN,92,one-way departures
2018,ND,BHD,SL,14,one-way departures
2018,ND,BHD,VN,91,one-way departures
2018,ND,BHD,EE,84,one-way departures
2018,ND,BHD,RS,194,one-way departures
2018,ND,DUB,MT,9521,one-way departures
2018,ND,BHD,IR,25,one-way departures
2018,ND,DUB,LR,42,one-way departures
2018,ND,BHD,UY,33,one-way departures
2018,ND,BHD,GH,73,one-way departures
2018,ND,DUB,SC,30,one-way departures
2018,ND,BHD,BD,53,one-way departures
2018,ND,DUB,GP,17,one-way departures
2018,ND,BHD,GR,300,one-way departures
2018,ND,DUB,SS,78,one-way departures
2018,ND,BHD,EC,10,one-way departures
2018,ND,DUB,CW,7,one-way departures
2018,ND,BFS,IN,14,one-way departures
2018,ND,BHD,LT,24,one-way departures
2018,ND,DUB,PF,2,one-way departures
2018,ND,BHD,MK,12,one-way departures
2018,ND,BHD,BA,18,one-way departures
2018,ND,BHD,AR,92,one-way departures
2018,ND,BHD,KN,1,one-way departures
2018,ND,BFS,NL,20091,one-way departures
2018,ND,BHD,MN,3,one-way departures
2018,ND,DUB,GD,11,one-way departures
2018,ND,BHD,MW,11,one-way departures
2019,ND,BFS,GB,645077,one-way departures
2019,ND,DUB,IT,265562,one-way departures
2019,ND,DUB,DE,487065,one-way departures
2019,ND,DUB,BE,82460,one-way departures
2019,ND,DUB,CH,90029,one-way departures
2019,ND,DUB,CZ,31327,one-way departures
2019,ND,DUB,FI,24732,one-way departures
2019,ND,DUB,PL,117544,one-way departures
2019,ND,DUB,MT,9362,one-way departures
2019,ND,DUB,TR,17941,one-way departures
2019,ND,DUB,AE,12704,one-way departures
2019,ND,DUB,IL,11923,one-way departures
2019,ND,DUB,BR,39382,one-way departures
2019,ND,DUB,HK,10344,one-way departures
2019,ND,DUB,ZA,17378,one-way departures
2019,ND,DUB,JO,887,one-way departures
2019,ND,BHD,AT,741,one-way departures
2019,ND,BHD,RO,306,one-way departures
2019,ND,BHD,SE,1360,one-way departures
2019,ND,BHD,IN,1719,one-way departures
2019,ND,BHD,CN,1851,one-way departures
2019,ND,BHD,ES,5251,one-way departures
2019,ND,BHD,KR,637,one-way departures
2019,ND,BHD,NG,442,one-way departures
2019,ND,DUB,PK,1735,one-way departures
2019,ND,DUB,KE,919,one-way departures
2019,ND,DUB,DZ,438,one-way departures
2019,ND,BHD,SG,505,one-way departures
2019,ND,DUB,ET,409,one-way departures
2019,ND,BHD,LU,194,one-way departures
2019,ND,DUB,UG,422,one-way departures
2019,ND,BFS,US,329,one-way departures
2019,ND,DUB,TN,357,one-way departures
2019,ND,BHD,PH,178,one-way departures
2019,ND,BHD,NL,6982,one-way departures
2019,ND,BHD,BG,86,one-way departures
2019,ND,DUB,GP,93,one-way departures
2019,ND,DUB,AL,226,one-way departures
2019,ND,DUB,CM,72,one-way departures
2019,ND,DUB,SV,193,one-way departures
2019,ND,BHD,TT,34,one-way departures
2019,ND,BHD,IE,696,one-way departures
2019,ND,BHD,OM,164,one-way departures
2019,ND,DUB,ZW,436,one-way departures
2019,ND,DUB,DO,114,one-way departures
2019,ND,BHD,UA,66,one-way departures
2019,ND,BHD,BS,8,one-way departures
2019,ND,BFS,AU,36,one-way departures
2019,ND,DUB,RW,89,one-way departures
2019,ND,BHD,TH,293,one-way departures
2019,ND,DUB,PA,250,one-way departures
2019,ND,DUB,BW,252,one-way departures
2019,ND,BHD,BB,9,one-way departures
2019,ND,DUB,LR,24,one-way departures
2019,ND,BHD,MU,36,one-way departures
2019,ND,BHD,BN,15,one-way departures
2019,ND,DUB,SX,20,one-way departures
2019,ND,DUB,FO,107,one-way departures
2019,ND,DUB,HN,96,one-way departures
2019,ND,DUB,MZ,101,one-way departures
2019,ND,BFS,DK,11,one-way departures
2019,ND,BHD,PE,29,one-way departures
2019,ND,LDY,NZ,3,one-way departures
2019,ND,DUB,PF,8,one-way departures
2019,ND,DUB,SS,63,one-way departures
2019,ND,BFS,MY,1,one-way departures
2019,ND,DUB,SC,29,one-way departures
2019,ND,BHD,GE,16,one-way departures
2019,ND,BHD,AO,34,one-way departures
2019,ND,DUB,AF,65,one-way departures
2019,ND,BFS,KZ,1,one-way departures
2019,ND,BHD,LA,1,one-way departures
2019,ND,DUB,GD,15,one-way departures
2019,ND,BHD,KG,6,one-way departures
2019,ND,DUB,ER,7,one-way departures
2019,ND,BFS,HU,0,one-way departures
2019,ND,BHD,CY,94,one-way departures
2021,ND,BFS,GB,634920,one-way departures
2021,ND,DUB,FR,185387,one-way departures
2021,ND,DUB,PT,64598,one-way departures
2021,ND,LDY,GB,27050,one-way departures
2021,ND,DUB,LT,21939,one-way departures
2021,ND,DUB,GR,27427,one-way departures
2021,ND,DUB,EE,2499,one-way departures
2021,ND,BHD,HK,545,one-way departures
2021,ND,DUB,BA,306,one-way departures
2021,ND,BHD,FI,534,one-way departures
2021,ND,DUB,NZ,4062,one-way departures
2021,ND,BHD,DE,2707,one-way departures
2021,ND,BHD,IT,1429,one-way departures
2021,ND,DUB,MX,2737,one-way departures
2021,ND,DUB,EG,1015,one-way departures
2021,ND,BFS,US,92,one-way departures
2021,ND,DUB,KW,747,one-way departures
2021,ND,DUB,AR,1913,one-way departures
2021,ND,DUB,VN,397,one-way departures
2021,ND,DUB,BO,511,one-way departures
2021,ND,BHD,CH,1041,one-way departures
2021,ND,BHD,ZA,491,one-way departures
2021,ND,DUB,RE,240,one-way departures
2021,ND,DUB,MN,126,one-way departures
2021,ND,DUB,BH,863,one-way departures
2021,ND,BHD,BE,279,one-way departures
2021,ND,DUB,CR,320,one-way departures
2021,ND,BHD,TR,83,one-way departures
2021,ND,DUB,UY,315,one-way departures
2021,ND,BHD,AE,427,one-way departures
2021,ND,BHD,JO,100,one-way departures
2021,ND,DUB,ID,316,one-way departures
2021,ND,DUB,RS,660,one-way departures
2021,ND,DUB,EC,42,one-way departures
2021,ND,BHD,PK,118,one-way departures
2021,ND,BHD,BR,123,one-way departures
2021,ND,BHD,IL,298,one-way departures
2021,ND,BHD,UG,39,one-way departures
2021,ND,DUB,MW,172,one-way departures
2021,ND,DUB,QA,1632,one-way departures
2021,ND,DUB,NC,49,one-way departures
2021,ND,BHD,CZ,183,one-way departures
2021,ND,DUB,BD,139,one-way departures
2021,ND,DUB,BJ,22,one-way departures
2021,ND,BHD,KE,87,one-way departures
2021,ND,BHD,PL,181,one-way departures
2021,ND,DUB,KN,24,one-way departures
2021,ND,DUB,VI,16,one-way departures
2021,ND,BHD,ZW,33,one-way departures
2021,ND,BHD,MZ,13,one-way departures
2021,ND,DUB,IR,216,one-way departures
2021,ND,DUB,BZ,23,one-way departures
2021,ND,BHD,MT,71,one-way departures
2021,ND,DUB,NI,21,one-way departures
2021,ND,DUB,GH,254,one-way departures
2021,ND,BHD,SC,2,one-way departures
2021,ND,DUB,PG,9,one-way departures
2021,ND,BHD,FO,6,one-way departures
2021,ND,DUB,LC,43,one-way departures
2021,ND,BHD,DZ,3,one-way departures
2021,ND,DUB,TG,21,one-way departures
2021,ND,BHD,AF,31,one-way departures
2021,ND,BHD,SS,18,one-way departures
2021,ND,DUB,WS,2,one-way departures
2021,ND,BHD,ET,8,one-way departures
2021,ND,DUB,SL,73,one-way departures
2021,ND,DUB,NP,94,one-way departures
2021,ND,DUB,PY,28,one-way departures
2021,ND,LDY,NO,0,one-way departures
2021,ND,BHD,AL,52,one-way departures
2021,ND,DUB,SR,17,one-way departures
2021,ND,DUB,TC,18,one-way departures
2021,ND,BHD,BW,9,one-way departures
2021,ND,DUB,MK,53,one-way departures
2021,ND,BFS,MA,971,one-way departures
2021,ND,DUB,LY,1,one-way departures
2021,ND,DUB,ML,57,one-way departures
2022,ND,DUB,GB,1554578,one-way departures
2022,ND,DUB,US,666572,one-way departures
2022,ND,DUB,CA,57865,one-way departures
2022,ND,DUB,MD,7824,one-way departures
2022,ND,DUB,HR,28023,one-way departures
2022,ND,LDY,GB,27780,one-way departures
2022,ND,DUB,AU,48550,one-way departures
2022,ND,DUB,JP,5384,one-way departures
2022,ND,DUB,LV,11402,one-way departures
2022,ND,DUB,DK,36834,one-way departures
2022,ND,DUB,LB,917,one-way departures
2022,ND,DUB,NO,17320,one-way departures
2022,ND,BFS,HR,434,one-way departures
2022,ND,DUB,CL,2400,one-way departures
2022,ND,DUB,MY,2660,one-way departures
2022,ND,DUB,SD,627,one-way departures
2022,ND,DUB,RU,1553,one-way departures
2022,ND,DUB,HU,19337,one-way departures
2022,ND,BHD,PT,619,one-way departures
2022,ND,DUB,ZM,312,one-way departures
2022,ND,DUB,MA,4113,one-way departures
2022,ND,DUB,IQ,628,one-way departures
2022,ND,BHD,FR,1627,one-way departures
2022,ND,DUB,PR,781,one-way departures
2022,ND,DUB,SA,2295,one-way departures
2022,ND,BFS,GB,584437,one-way departures
2022,ND,DUB,KH,120,one-way departures
2022,ND,DUB,TW,724,one-way departures
2022,ND,DUB,SN,154,one-way departures
2022,ND,DUB,GA,35,one-way departures
2022,ND,DUB,JM,226,one-way departures
2022,ND,BHD,EE,216,one-way departures
2022,ND,BHD,GR,494,one-way departures
2022,ND,DUB,AZ,345,one-way departures
2022,ND,DUB,VE,92,one-way departures
2022,ND,DUB,MG,33,one-way departures
2022,ND,DUB,LK,169,one-way departures
2022,ND,DUB,CO,743,one-way departures
2022,ND,DUB,SI,516,one-way departures
2022,ND,BHD,BH,108,one-way departures
2022,ND,DUB,CU,50,one-way departures
2022,ND,DUB,TZ,363,one-way departures
2022,ND,DUB,SO,76,one-way departures
2022,ND,DUB,KZ,512,one-way departures
2022,ND,DUB,ME,136,one-way departures
2022,ND,BHD,NP,29,one-way departures
2022,ND,BHD,MX,294,one-way departures
2022,ND,BHD,NZ,219,one-way departures
2022,ND,DUB,IS,5679,one-way departures
2022,ND,LDY,US,69,one-way departures
2022,ND,DUB,FJ,38,one-way departures
2022,ND,BHD,ID,61,one-way departures
2022,ND,DUB,UZ,122,one-way departures
2022,ND,BHD,QA,107,one-way departures
2022,ND,BFS,US,92,one-way departures
2022,ND,BHD,BD,36,one-way departures
2022,ND,BFS,CA,10,one-way departures
2022,ND,DUB,BM,410,one-way departures
2022,ND,DUB,DJ,22,one-way departures
2022,ND,BHD,VN,47,one-way departures
2022,ND,BHD,LC,30,one-way departures
2022,ND,DUB,KY,681,one-way departures
2022,ND,DUB,CI,107,one-way departures
2022,ND,BHD,PY,7,one-way departures
2022,ND,BHD,AR,62,one-way departures
2022,ND,DUB,GY,51,one-way departures
2022,ND,BHD,KW,139,one-way departures
2022,ND,BHD,GH,90,one-way departures
2022,ND,DUB,MM,9,one-way departures
2022,ND,BHD,EG,172,one-way departures
2022,ND,BHD,MK,2,one-way departures
2022,ND,DUB,00,3,one-way departures
2022,ND,DUB,TD,19,one-way departures
2022,ND,DUB,LS,5,one-way departures
2022,ND,DUB,NA,52,one-way departures
2022,ND,BHD,KN,3,one-way departures
2022,ND,DUB,BF,48,one-way departures
2022,ND,BHD,MW,8,one-way departures
2022,ND,DUB,VC,5,one-way departures
2022,ND,BHD,UY,23,one-way departures
2022,ND,BHD,RS,32,one-way departures
2022,ND,LDY,DK,7,one-way departures
2022,ND,BHD,MN,1,one-way departures
2022,ND,BFS,UZ,1,one-way departures
2022,ND,BFS,DK,2,one-way departures
2022,ND,BFS,AU,8,one-way departures
2022,ND,DUB,SZ,23,one-way departures
2022,ND,DUB,TJ,6,one-way departures
2022,ND,BHD,SR,0,one-way departures
2024,ND,DUB,GB,1982232,one-way departures
2024,ND,DUB,US,950007,one-way departures
2024,ND,DUB,CA,100470,one-way departures
2024,ND,DUB,MD,7037,one-way departures
2024,ND,LDY,GB,33064,one-way departures
2024,ND,BHD,GB,319229,one-way departures
2024,ND,DUB,HR,40324,one-way departures
2024,ND,BFS,TR,12701,one-way departures
2024,ND,BFS,IT,9032,one-way departures
2024,ND,DUB,NO,26901,one-way departures
2024,ND,DUB,DK,42429,one-way departures
2024,ND,DUB,IS,6998,one-way departures
2024,ND,DUB,TW,2758,one-way departures
2024,ND,DUB,MA,9815,one-way departures
2024,ND,DUB,AU,58592,one-way departures
2024,ND,DUB,JP,10656,one-way departures
2024,ND,BFS,PL,16661,one-way departures
2024,ND,BFS,CZ,1257,one-way departures
2024,ND,DUB,MY,4024,one-way departures
2024,ND,DUB,RU,1615,one-way departures
2024,ND,BHD,US,17589,one-way departures
2024,ND,DUB,CL,1472,one-way departures
2024,ND,DUB,GI,516,one-way departures
2024,ND,DUB,SA,3029,one-way departures
2024,ND,DUB,HU,16784,one-way departures
2024,ND,DUB,BM,451,one-way departures
2024,ND,BHD,CA,2220,one-way departures
2024,ND,BHD,AU,2525,one-way departures
2024,ND,DUB,ZM,357,one-way departures
2024,ND,DUB,PR,1675,one-way departures
2024,ND,DUB,GY,170,one-way departures
2024,ND,DUB,CO,1128,one-way departures
2024,ND,DUB,LK,384,one-way departures
2024,ND,DUB,UZ,94,one-way departures
2024,ND,BHD,MY,250,one-way departures
2024,ND,BHD,JP,562,one-way departures
2024,ND,BFS,AL,490,one-way departures
2024,ND,BHD,CO,141,one-way departures
2024,ND,BHD,DK,847,one-way departures
2024,ND,DUB,LV,14702,one-way departures
2024,ND,DUB,IQ,477,one-way departures
2024,ND,BHD,BM,134,one-way departures
2024,ND,DUB,KZ,718,one-way departures
2024,ND,DUB,SN,116,one-way departures
2024,ND,LDY,DK,29,one-way departures
2024,ND,BHD,HR,165,one-way departures
2024,ND,DUB,SI,747,one-way departures
2024,ND,BHD,IQ,50,one-way departures
2024,ND,DUB,TZ,321,one-way departures
2024,ND,DUB,LB,830,one-way departures
2024,ND,DUB,KY,582,one-way departures
2024,ND,LDY,US,331,one-way departures
2024,ND,BHD,LB,18,one-way departures
2024,ND,DUB,JM,172,one-way departures
2024,ND,BHD,LV,276,one-way departures
2024,ND,BHD,CL,102,one-way departures
2024,ND,DUB,KH,142,one-way departures
2024,ND,DUB,SZ,27,one-way departures
2024,ND,DUB,NA,138,one-way departures
2024,ND,BHD,SA,348,one-way departures
2024,ND,DUB,VC,10,one-way departures
2024,ND,DUB,CU,50,one-way departures
2024,ND,DUB,00,49,one-way departures
2024,ND,BHD,TW,50,one-way departures
2024,ND,BHD,LK,39,one-way departures
2024,ND,DUB,MM,54,one-way departures
2024,ND,DUB,LS,9,one-way departures
2024,ND,LDY,AU,24,one-way departures
2024,ND,BFS,DE,78,one-way departures
2024,ND,DUB,VE,123,one-way departures
2024,ND,BHD,IS,45,one-way departures
2024,ND,DUB,CI,134,one-way departures
2024,ND,DUB,CV,25,one-way departures
2024,ND,BHD,00,8,one-way departures
2024,ND,BHD,KY,76,one-way departures
2024,ND,DUB,BF,39,one-way departures
2024,ND,BHD,KZ,91,one-way departures
2024,ND,BHD,HU,293,one-way departures
2024,ND,DUB,DJ,22,one-way departures
2024,ND,BHD,NO,361,one-way departures
2024,ND,DUB,AZ,223,one-way departures
2024,ND,BHD,TZ,19,one-way departures
2024,ND,BHD,MD,2,one-way departures
2024,ND,BHD,ZM,41,one-way departures
2024,ND,BHD,MA,25,one-way departures
2024,ND,BHD,NA,4,one-way departures
2024,ND,BHD,AZ,20,one-way departures
2024,ND,LDY,TW,2,one-way departures
2024,ND,DUB,MG,67,one-way departures
2024,ND,DUB,SO,61,one-way departures
2024,ND,DUB,FJ,22,one-way departures
2024,ND,DUB,TD,9,one-way departures
2024,ND,BHD,KH,10,one-way departures
2024,ND,LDY,CA,15,one-way departures
2024,ND,LDY,SA,2,one-way departures
2024,ND,BHD,JM,28,one-way departures
2024,ND,BHD,SI,29,one-way departures
2025,ND,DUB,GB,1954851,one-way departures
2025,ND,BHD,GB,299315,one-way departures
2025,ND,DUB,US,852390,one-way departures
2025,ND,BFS,FR,27948,one-way departures
2025,ND,BFS,PT,26036,one-way departures
2025,ND,DUB,DK,42732,one-way departures
2025,ND,DUB,CA,104644,one-way departures
2025,ND,DUB,HR,40991,one-way departures
2025,ND,DUB,LV,15411,one-way departures
2025,ND,DUB,HU,18423,one-way departures
2025,ND,DUB,MA,19520,one-way departures
2025,ND,BFS,LT,7077,one-way departures
2025,ND,DUB,NO,23968,one-way departures
2025,ND,DUB,AU,67527,one-way departures
2025,ND,DUB,MY,4153,one-way departures
2025,ND,DUB,IS,4470,one-way departures
2025,ND,BFS,GR,8009,one-way departures
2025,ND,DUB,JP,11263,one-way departures
2025,ND,BHD,DK,748,one-way departures
2025,ND,BHD,US,12672,one-way departures
2025,ND,DUB,MD,6913,one-way departures
2025,ND,DUB,TW,2529,one-way departures
2025,ND,DUB,SA,3119,one-way departures
2025,ND,DUB,CO,765,one-way departures
2025,ND,DUB,CL,1239,one-way departures
2025,ND,DUB,LB,1746,one-way departures
2025,ND,BHD,AU,2112,one-way departures
2025,ND,DUB,RU,2472,one-way departures
2025,ND,BHD,CA,1531,one-way departures
2025,ND,DUB,SI,912,one-way departures
2025,ND,DUB,SN,187,one-way departures
2025,ND,DUB,AZ,140,one-way departures
2025,ND,BHD,JP,406,one-way departures
2025,ND,DUB,PR,1339,one-way departures
2025,ND,DUB,BM,504,one-way departures
2025,ND,DUB,VE,195,one-way departures
2025,ND,BHD,CL,69,one-way departures
2025,ND,DUB,IQ,463,one-way departures
2025,ND,DUB,UZ,140,one-way departures
2025,ND,DUB,TZ,418,one-way departures
2025,ND,DUB,CU,272,one-way departures
2025,ND,BHD,LB,42,one-way departures
2025,ND,DUB,KY,422,one-way departures
2025,ND,BHD,MY,228,one-way departures
2025,ND,DUB,MM,67,one-way departures
2025,ND,DUB,ZM,378,one-way departures
2025,ND,DUB,JM,124,one-way departures
2025,ND,DUB,ME,176,one-way departures
2025,ND,DUB,KH,172,one-way departures
2025,ND,LDY,IN,38,one-way departures
2025,ND,DUB,KZ,451,one-way departures
2025,ND,BHD,SA,348,one-way departures
2025,ND,DUB,NA,180,one-way departures
2025,ND,LDY,NL,18,one-way departures
2025,ND,BHD,LV,43,one-way departures
2025,ND,DUB,LK,368,one-way departures
2025,ND,DUB,SD,10,one-way departures
2025,ND,DUB,FJ,40,one-way departures
2025,ND,BHD,ZM,33,one-way departures
2025,ND,BHD,NO,258,one-way departures
2025,ND,BHD,KH,20,one-way departures
2025,ND,DUB,LS,69,one-way departures
2025,ND,BHD,NA,11,one-way departures
2025,ND,DUB,CI,136,one-way departures
2025,ND,BHD,MA,12,one-way departures
2025,ND,BHD,KY,19,one-way departures
2025,ND,LDY,NG,5,one-way departures
2025,ND,DUB,GY,74,one-way departures
2025,ND,BHD,IQ,47,one-way departures
2025,ND,BFS,NZ,10,one-way departures
2025,ND,DUB,CV,2,one-way departures
2025,ND,BHD,TW,51,one-way departures
2025,ND,BHD,CO,69,one-way departures
2025,ND,BHD,TZ,33,one-way departures
2025,ND,DUB,TD,19,one-way departures
2025,ND,BHD,SI,48,one-way departures
2025,ND,LDY,SE,3,one-way departures
2025,ND,DUB,SO,75,one-way departures
2025,ND,BHD,IS,39,one-way departures
2025,ND,BHD,HR,70,one-way departures
2025,ND,LDY,SG,6,one-way departures
2025,ND,DUB,MG,20,one-way departures
2025,ND,LDY,ES,22,one-way departures
2025,ND,DUB,GA,0,one-way departures
2025,ND,LDY,PH,3,one-way departures
2025,ND,BHD,PR,22,one-way departures
2025,ND,DUB,VC,9,one-way departures
2013,POO,BFS,KY,13,one-way departures
2013,POO,DUB,BJ,11,one-way departures
2013,POO,BFS,KZ,5,one-way departures
2013,POO,DUB,TG,11,one-way departures
2013,POO,BFS,VE,3,one-way departures
2013,POO,BHD,MR,8,one-way departures
2013,POO,DUB,PW,2,one-way departures
2013,POO,BFS,PR,58,one-way departures
2013,POO,DUB,ML,17,one-way departures
2013,POO,BHD,HT,10,one-way departures
2013,POO,DUB,NU,0,one-way departures
2013,POO,DUB,GU,3,one-way departures
2023,ND,BFS,EG,585,one-way departures
2023,ND,BHD,BH,259,one-way departures
2023,ND,DUB,GQ,37,one-way departures
2023,ND,BHD,EE,34,one-way departures
2023,ND,LDY,DK,8,one-way departures
2023,ND,BHD,UY,14,one-way departures
2023,ND,BHD,CR,19,one-way departures
2023,ND,BFS,NZ,6,one-way departures
2023,ND,BHD,BA,3,one-way departures
2023,ND,BHD,BZ,5,one-way departures
2023,ND,BHD,TC,6,one-way departures
2023,ND,BHD,MK,8,one-way departures
2023,ND,LDY,JM,1,one-way departures
2023,ND,BHD,DM,1,one-way departures
2023,ND,BHD,SR,14,one-way departures
2014,ND,BHD,LY,7,one-way departures
2014,ND,BHD,ML,7,one-way departures
2014,ND,DUB,KN,17,one-way departures
2014,ND,DUB,TL,3,one-way departures
2014,ND,BFS,SG,2,one-way departures
2014,ND,DUB,LC,19,one-way departures
2014,ND,BFS,TT,1,one-way departures
2014,ND,BHD,GL,3,one-way departures
2014,ND,DUB,TG,5,one-way departures
2014,ND,BFS,CN,1,one-way departures
2015,POO,BFS,BG,356,one-way departures
2015,POO,BFS,CY,55,one-way departures
2015,POO,BFS,AT,46,one-way departures
2015,POO,DUB,UZ,16,one-way departures
2015,POO,DUB,SZ,39,one-way departures
2015,POO,BHD,SS,7,one-way departures
2015,POO,BFS,IE,5,one-way departures
2015,POO,BHD,GW,5,one-way departures
2015,POO,BFS,CD,2,one-way departures
2015,POO,BHD,DO,2,one-way departures
2015,POO,BFS,TT,1,one-way departures
2015,POO,LDY,DE,1,one-way departures
2015,POO,DUB,SO,3,one-way departures
2016,ND,BHD,EG,213,one-way departures
2016,ND,DUB,GA,13,one-way departures
2016,ND,DUB,TM,7,one-way departures
2016,ND,BFS,GE,2,one-way departures
2016,ND,BFS,BG,5,one-way departures
2016,ND,BFS,TT,1,one-way departures
2016,ND,BFS,GT,11,one-way departures
2016,ND,DUB,VC,1,one-way departures
2016,ND,BHD,IR,4,one-way departures
2016,ND,BHD,UY,11,one-way departures
2016,ND,BFS,SG,2,one-way departures
2016,ND,BFS,PE,2,one-way departures
2016,ND,BFS,UA,0,one-way departures
2016,ND,BHD,NI,0,one-way departures
2017,ND,BFS,IS,2304,one-way departures
2017,ND,BFS,HR,3618,one-way departures
2017,ND,LDY,US,6,one-way departures
2017,ND,BFS,DK,25,one-way departures
2017,ND,LDY,AU,8,one-way departures
2017,ND,BHD,CM,5,one-way departures
2017,ND,BHD,ST,2,one-way departures
2017,ND,LDY,CA,2,one-way departures
2017,ND,BFS,LK,1,one-way departures
2017,ND,BFS,IQ,4,one-way departures
2017,ND,BHD,SV,3,one-way departures
2017,ND,BFS,BY,0,one-way departures
2018,ND,BFS,AT,774,one-way departures
2018,ND,BHD,PY,16,one-way departures
2018,ND,BFS,KR,5,one-way departures
2018,ND,BFS,SK,3,one-way departures
2018,ND,BHD,GM,6,one-way departures
2018,ND,BFS,CD,2,one-way departures
2018,ND,DUB,AW,5,one-way departures
2018,ND,BFS,SE,2,one-way departures
2018,ND,BHD,BZ,3,one-way departures
2018,ND,DUB,SX,31,one-way departures
2019,ND,BFS,MA,603,one-way departures
2019,ND,BFS,HR,4792,one-way departures
2019,ND,BFS,IQ,11,one-way departures
2019,ND,BFS,SI,2,one-way departures
2019,ND,DUB,CW,3,one-way departures
2019,ND,DUB,AW,6,one-way departures
2019,ND,DUB,PM,3,one-way departures
2019,ND,BHD,CK,1,one-way departures
2019,ND,BHD,SK,3,one-way departures
2019,ND,BFS,CA,12,one-way departures
2019,ND,BFS,NO,1,one-way departures
2019,ND,BHD,AM,21,one-way departures
2019,ND,BFS,TZ,1,one-way departures
2019,ND,BFS,RU,1,one-way departures
2019,ND,DUB,GW,0,one-way departures
2019,ND,LDY,PT,0,one-way departures
2021,ND,BFS,HR,1317,one-way departures
2021,ND,BHD,CM,19,one-way departures
2021,ND,LDY,AU,7,one-way departures
2021,ND,DUB,GM,10,one-way departures
2021,ND,BHD,TN,10,one-way departures
2021,ND,BFS,AU,37,one-way departures
2021,ND,LDY,US,1,one-way departures
2021,ND,BFS,NA,0,one-way departures
2021,ND,BFS,DK,12,one-way departures
2021,ND,BHD,CW,3,one-way departures
2022,ND,DUB,GI,199,one-way departures
2022,ND,DUB,BY,88,one-way departures
2022,ND,BHD,BO,9,one-way departures
2022,ND,BHD,IR,6,one-way departures
2022,ND,LDY,AU,3,one-way departures
2024,ND,BFS,MT,1171,one-way departures
2024,ND,BFS,BE,61,one-way departures
2024,ND,LDY,MA,19,one-way departures
2024,ND,DUB,BY,12,one-way departures
2024,ND,DUB,TJ,13,one-way departures
2024,ND,BFS,ZA,9,one-way departures
2024,ND,LDY,HR,5,one-way departures
2024,ND,LDY,MY,2,one-way departures
2024,ND,DUB,SD,1,one-way departures
2024,ND,LDY,NO,43,one-way departures
2024,ND,LDY,KY,1,one-way departures
2024,ND,LDY,GI,1,one-way departures
2024,ND,BFS,CH,5282,one-way departures
2024,ND,DUB,CF,2,one-way departures
2025,ND,BFS,BA,116,one-way departures
2025,ND,BHD,BM,38,one-way departures
2025,ND,BHD,AZ,27,one-way departures
2025,ND,DUB,DJ,35,one-way departures
2025,ND,BHD,JM,19,one-way departures
2025,ND,DUB,SZ,58,one-way departures
2025,ND,BHD,KZ,25,one-way departures
2025,ND,LDY,AT,8,one-way departures
2025,ND,BHD,00,5,one-way departures
2025,ND,DUB,00,29,one-way departures
2025,ND,BHD,LK,63,one-way departures
2025,ND,BHD,SO,8,one-way departures
2025,ND,DUB,BF,5,one-way departures
2025,ND,BFS,RS,5,one-way departures
2025,ND,LDY,IE,3,one-way departures
2025,ND,LDY,LU,1,one-way departures
2013,POO,BHD,GE,13,one-way departures
2013,POO,BHD,CD,8,one-way departures
2013,POO,DUB,AS,1,one-way departures
2013,POO,BFS,CO,1,one-way departures
2013,POO,BHD,MV,0,one-way departures
2023,ND,LDY,NO,21,one-way departures
2023,ND,BHD,VI,14,one-way departures
2023,ND,BHD,ML,3,one-way departures
2023,ND,LDY,KY,3,one-way departures
2023,ND,BHD,LY,1,one-way departures
2023,ND,BHD,MN,1,one-way departures
2023,ND,BHD,WS,1,one-way departures
2023,ND,LDY,SA,3,one-way departures
2023,ND,BFS,QA,1,one-way departures
2014,ND,BHD,PY,3,one-way departures
2014,ND,DUB,WS,3,one-way departures
2014,ND,BHD,RE,3,one-way departures
2014,ND,BHD,KN,1,one-way departures
2015,POO,DUB,CF,6,one-way departures
2015,POO,BHD,PA,2,one-way departures
2015,POO,BHD,ER,2,one-way departures
2015,POO,BFS,IN,1,one-way departures
2015,POO,BFS,PH,1,one-way departures
2016,ND,BFS,HT,7,one-way departures
2016,ND,BHD,PY,6,one-way departures
2016,ND,BHD,ML,1,one-way departures
2016,ND,BHD,WS,8,one-way departures
2017,ND,DUB,BF,16,one-way departures
2017,ND,BHD,AW,4,one-way departures
2017,ND,DUB,TM,36,one-way departures
2017,ND,BFS,LB,3,one-way departures
2017,ND,BHD,HN,3,one-way departures
2017,ND,BHD,GD,2,one-way departures
2017,ND,LDY,IQ,1,one-way departures
2017,ND,BFS,LV,1,one-way departures
2018,ND,DUB,ER,3,one-way departures
2018,ND,BHD,TC,6,one-way departures
2018,ND,BFS,BB,2,one-way departures
2018,ND,BHD,TL,1,one-way departures
2018,ND,BHD,LY,1,one-way departures
2018,ND,BHD,CR,1,one-way departures
2019,ND,LDY,LT,14,one-way departures
2019,ND,LDY,FR,4,one-way departures
2019,ND,BHD,GT,2,one-way departures
2019,ND,DUB,GQ,4,one-way departures
2021,ND,BFS,IS,1175,one-way departures
2021,ND,BFS,CA,17,one-way departures
2021,ND,BHD,HN,4,one-way departures
2021,ND,BHD,SV,2,one-way departures
2021,ND,BFS,NO,11,one-way departures
2021,ND,DUB,GU,2,one-way departures
2021,ND,DUB,BL,1,one-way departures
2021,ND,BFS,KZ,2,one-way departures
2022,ND,BHD,LT,5,one-way departures
2022,ND,BHD,CR,16,one-way departures
2022,ND,DUB,CV,6,one-way departures
2022,ND,BHD,VU,1,one-way departures
2022,ND,BHD,LY,1,one-way departures
2022,ND,BHD,EC,1,one-way departures
2022,ND,BHD,TC,1,one-way departures
2024,ND,BFS,TN,3205,one-way departures
2024,ND,BHD,GI,146,one-way departures
2024,ND,DUB,ME,128,one-way departures
2024,ND,DUB,GA,41,one-way departures
2024,ND,BHD,SH,4,one-way departures
2024,ND,LDY,JP,5,one-way departures
2024,ND,LDY,LK,1,one-way departures
2025,ND,DUB,GI,294,one-way departures
2025,ND,BHD,HU,195,one-way departures
2025,ND,BHD,GI,7,one-way departures
2025,ND,BHD,RU,9,one-way departures
2025,ND,BHD,MM,3,one-way departures
2025,ND,LDY,RO,2,one-way departures
2013,POO,BFS,HU,7,one-way departures
2013,POO,BFS,LB,4,one-way departures
2013,POO,DUB,BL,4,one-way departures
2023,ND,BHD,LC,37,one-way departures
2023,ND,LDY,MA,16,one-way departures
2023,ND,BHD,IR,2,one-way departures
2023,ND,BHD,BO,1,one-way departures
2023,ND,LDY,ZM,1,one-way departures
2014,ND,LDY,DE,5,one-way departures
2014,ND,BHD,CR,3,one-way departures
2014,ND,BFS,GT,2,one-way departures
2014,ND,BHD,BJ,1,one-way departures
2015,POO,DUB,TJ,2,one-way departures
2015,POO,BFS,PE,1,one-way departures
2016,ND,BFS,CY,2310,one-way departures
2016,ND,BHD,TC,4,one-way departures
2016,ND,DUB,TJ,4,one-way departures
2016,ND,BFS,SK,0,one-way departures
2016,ND,DUB,CV,0,one-way departures
2017,ND,LDY,IS,20,one-way departures
2017,ND,DUB,CV,4,one-way departures
2017,ND,BHD,GW,1,one-way departures
2017,ND,BFS,RU,1,one-way departures
2018,ND,BFS,UA,3,one-way departures
2018,ND,BFS,TH,2,one-way departures
2018,ND,BHD,ML,2,one-way departures
2018,ND,LDY,RE,2,one-way departures
2018,ND,LDY,VN,0,one-way departures
2019,ND,BFS,IS,2054,one-way departures
2019,ND,BHD,CD,4,one-way departures
2019,ND,BFS,LV,3,one-way departures
2019,ND,BHD,NE,1,one-way departures
2019,ND,BFS,JP,1,one-way departures
2019,ND,DUB,NR,1,one-way departures
2019,ND,BFS,BY,1,one-way departures
2021,ND,DUB,VU,1,one-way departures
2021,ND,BHD,PA,1,one-way departures
2021,ND,BHD,RW,0,one-way departures
2021,ND,BHD,AW,3,one-way departures
2021,ND,BFS,HU,4,one-way departures
2022,ND,BFS,IS,28,one-way departures
2022,ND,BHD,ML,5,one-way departures
2022,ND,BFS,MY,1,one-way departures
2024,ND,BHD,BY,115,one-way departures
2024,ND,DUB,YE,12,one-way departures
2024,ND,BHD,GY,2,one-way departures
2024,ND,BHD,CI,1,one-way departures
2024,ND,BHD,DJ,1,one-way departures
2024,ND,BHD,SO,1,one-way departures
2024,ND,LDY,ZM,1,one-way departures
2025,ND,BFS,EG,4950,one-way departures
2025,ND,BFS,MX,39,one-way departures
2025,ND,DUB,TJ,10,one-way departures
2025,ND,BHD,ME,6,one-way departures
2025,ND,LDY,GE,3,one-way departures
2025,ND,BHD,GA,3,one-way departures
2025,ND,LDY,TH,2,one-way departures
2025,ND,LDY,CY,2,one-way departures
2025,ND,BHD,GY,1,one-way departures
2025,ND,BHD,CI,0,one-way departures
2013,POO,DUB,CA,53741,one-way departures
2013,POO,DUB,NO,46843,one-way departures
2013,POO,DUB,US,452776,one-way departures
2013,POO,DUB,GB,1468261,one-way departures
2013,POO,DUB,JP,10125,one-way departures
2013,POO,DUB,DK,55951,one-way departures
2013,POO,DUB,AU,52992,one-way departures
2013,POO,DUB,RU,12119,one-way departures
2013,POO,BHD,BE,999,one-way departures
2013,POO,DUB,MY,3053,one-way departures
2013,POO,BHD,HK,1337,one-way departures
2013,POO,DUB,LB,1693,one-way departures
2013,POO,DUB,SA,5348,one-way departures
2013,POO,BHD,IT,1737,one-way departures
2013,POO,DUB,HR,18606,one-way departures
2013,POO,BHD,IL,506,one-way departures
2013,POO,DUB,CL,883,one-way departures
2013,POO,BHD,CH,1445,one-way departures
2013,POO,DUB,LK,373,one-way departures
2013,POO,DUB,IQ,427,one-way departures
2013,POO,DUB,AZ,200,one-way departures
2013,POO,BHD,DE,4106,one-way departures
2013,POO,BHD,PL,302,one-way departures
2013,POO,DUB,KZ,426,one-way departures
2013,POO,DUB,SI,1007,one-way departures
2013,POO,DUB,MA,1974,one-way departures
2013,POO,BHD,BR,706,one-way departures
2013,POO,DUB,TZ,364,one-way departures
2013,POO,DUB,MD,405,one-way departures
2013,POO,BHD,CZ,395,one-way departures
2013,POO,BHD,AE,646,one-way departures
2013,POO,BHD,ZA,707,one-way departures
2013,POO,BHD,KE,137,one-way departures
2013,POO,DUB,SN,99,one-way departures
2013,POO,DUB,HU,29587,one-way departures
2013,POO,DUB,SD,838,one-way departures
2013,POO,DUB,VE,2723,one-way departures
2013,POO,BHD,FI,699,one-way departures
2013,POO,DUB,CO,483,one-way departures
2013,POO,DUB,TD,39,one-way departures
2013,POO,DUB,KY,391,one-way departures
2013,POO,DUB,CI,72,one-way departures
2013,POO,DUB,PR,644,one-way departures
2013,POO,BHD,ZW,60,one-way departures
2013,POO,DUB,LV,16903,one-way departures
2013,POO,BFS,MX,110,one-way departures
2013,POO,DUB,BY,458,one-way departures
2013,POO,DUB,KH,85,one-way departures
2013,POO,DUB,TW,605,one-way departures
2013,POO,DUB,BF,20,one-way departures
2013,POO,DUB,BM,554,one-way departures
2013,POO,BHD,TR,368,one-way departures
2013,POO,DUB,IS,311,one-way departures
2013,POO,BHD,TN,17,one-way departures
2013,POO,BFS,FR,14048,one-way departures
2013,POO,DUB,NA,62,one-way departures
2013,POO,DUB,ZM,256,one-way departures
2013,POO,DUB,JM,311,one-way departures
2013,POO,DUB,LS,68,one-way departures
2013,POO,DUB,YE,75,one-way departures
2013,POO,BHD,BW,14,one-way departures
2013,POO,BHD,UG,70,one-way departures
2013,POO,DUB,MM,89,one-way departures
2013,POO,DUB,MG,23,one-way departures
2013,POO,DUB,FJ,51,one-way departures
2013,POO,BHD,AF,49,one-way departures
2013,POO,BHD,DO,3,one-way departures
2013,POO,DUB,TJ,6,one-way departures
2013,POO,BHD,PK,39,one-way departures
2013,POO,DUB,SZ,30,one-way departures
2013,POO,DUB,ME,93,one-way departures
2013,POO,BHD,AL,21,one-way departures
2013,POO,BHD,SS,10,one-way departures
2013,POO,BFS,NI,1,one-way departures
2013,POO,BHD,RW,1,one-way departures
2013,POO,BHD,HN,1,one-way departures
2013,POO,DUB,CU,37,one-way departures
2013,POO,BHD,MZ,10,one-way departures
2013,POO,BHD,DZ,16,one-way departures
2013,POO,BFS,AR,3,one-way departures
2013,POO,DUB,00,25,one-way departures
2013,POO,DUB,DJ,8,one-way departures
2013,POO,DUB,GA,19,one-way departures
2013,POO,DUB,GY,11,one-way departures
2013,POO,DUB,UZ,257,one-way departures
2013,POO,DUB,GI,10,one-way departures
2013,POO,BFS,LT,1,one-way departures
2013,POO,BHD,PA,3,one-way departures
2013,POO,BHD,SV,1,one-way departures
2013,POO,BHD,LR,11,one-way departures
2023,ND,DUB,ES,464877,one-way departures
2023,ND,BHD,GB,289217,one-way departures
2023,ND,DUB,RO,43053,one-way departures
2023,ND,BFS,GB,680137,one-way departures
2023,ND,DUB,AT,39886,one-way departures
2023,ND,DUB,SK,9872,one-way departures
2023,ND,BFS,HU,3456,one-way departures
2023,ND,DUB,BG,14790,one-way departures
2023,ND,DUB,CY,4821,one-way departures
2023,ND,DUB,SE,38223,one-way departures
2023,ND,DUB,IN,21795,one-way departures
2023,ND,DUB,NL,123715,one-way departures
2023,ND,DUB,CN,14941,one-way departures
2023,ND,BFS,HR,380,one-way departures
2023,ND,DUB,KR,3209,one-way departures
2023,ND,BHD,US,27500,one-way departures
2023,ND,DUB,LU,18560,one-way departures
2023,ND,BHD,NO,573,one-way departures
2023,ND,BHD,HU,381,one-way departures
2023,ND,BHD,CA,2639,one-way departures
2023,ND,DUB,NG,2755,one-way departures
2023,ND,DUB,PE,425,one-way departures
2023,ND,DUB,PH,1763,one-way departures
2023,ND,BFS,MA,1251,one-way departures
2023,ND,DUB,OM,600,one-way departures
2023,ND,DUB,SG,5269,one-way departures
2023,ND,BHD,AU,2737,one-way departures
2023,ND,DUB,AG,302,one-way departures
2023,ND,DUB,BB,892,one-way departures
2023,ND,DUB,TH,1986,one-way departures
2023,ND,BFS,ME,237,one-way departures
2023,ND,DUB,MU,609,one-way departures
2023,ND,DUB,CG,120,one-way departures
2023,ND,DUB,MV,198,one-way departures
2023,ND,DUB,BS,219,one-way departures
2023,ND,DUB,AM,214,one-way departures
2023,ND,BHD,JP,793,one-way departures
2023,ND,BHD,DK,1348,one-way departures
2023,ND,BHD,MY,214,one-way departures
2023,ND,BHD,HR,166,one-way departures
2023,ND,BHD,SI,35,one-way departures
2023,ND,BHD,SA,441,one-way departures
2023,ND,BHD,MA,137,one-way departures
2023,ND,BHD,CO,108,one-way departures
2023,ND,BFS,DK,141,one-way departures
2023,ND,DUB,GT,313,one-way departures
2023,ND,BHD,BM,258,one-way departures
2023,ND,BHD,TW,78,one-way departures
2023,ND,BHD,AZ,31,one-way departures
2023,ND,DUB,TT,455,one-way departures
2023,ND,DUB,GN,159,one-way departures
2023,ND,BHD,KH,21,one-way departures
2023,ND,BHD,CL,94,one-way departures
2023,ND,DUB,AO,131,one-way departures
2023,ND,DUB,BN,21,one-way departures
2023,ND,DUB,CD,162,one-way departures
2023,ND,BHD,NA,10,one-way departures
2023,ND,BHD,LK,52,one-way departures
2023,ND,DUB,GE,656,one-way departures
2023,ND,DUB,NE,43,one-way departures
2023,ND,BHD,LB,21,one-way departures
2023,ND,BHD,ZM,27,one-way departures
2023,ND,BHD,00,9,one-way departures
2023,ND,DUB,HT,6,one-way departures
2023,ND,BHD,TZ,26,one-way departures
2023,ND,BHD,IS,54,one-way departures
2023,ND,DUB,VG,10,one-way departures
2023,ND,BHD,JM,102,one-way departures
2023,ND,BHD,DJ,4,one-way departures
2023,ND,BHD,LS,2,one-way departures
2023,ND,DUB,LA,19,one-way departures
2023,ND,BHD,SN,3,one-way departures
2023,ND,BHD,KY,76,one-way departures
2023,ND,BHD,TJ,1,one-way departures
2023,ND,BHD,KZ,64,one-way departures
2023,ND,BHD,IQ,59,one-way departures
2023,ND,LDY,NZ,1,one-way departures
2023,ND,DUB,GF,127,one-way departures
2023,ND,BFS,AU,21,one-way departures
2023,ND,BHD,FJ,3,one-way departures
2023,ND,LDY,PT,2,one-way departures
2023,ND,BHD,SO,10,one-way departures
2023,ND,DUB,MR,4,one-way departures
2023,ND,LDY,GR,9,one-way departures
2023,ND,LDY,MX,0,one-way departures
2023,ND,DUB,MQ,53,one-way departures
2014,ND,DUB,NO,43079,one-way departures
2014,ND,DUB,US,449763,one-way departures
2014,ND,DUB,RU,15844,one-way departures
2014,ND,DUB,JP,12446,one-way departures
2014,ND,DUB,GB,1534355,one-way departures
2014,ND,DUB,CA,76121,one-way departures
2014,ND,DUB,MY,3429,one-way departures
2014,ND,DUB,AU,65044,one-way departures
2014,ND,BFS,IT,1281,one-way departures
2014,ND,BHD,GB,395913,one-way departures
2014,ND,DUB,VE,6532,one-way departures
2014,ND,DUB,SA,5814,one-way departures
2014,ND,DUB,LB,1474,one-way departures
2014,ND,DUB,DK,52520,one-way departures
2014,ND,BHD,SA,800,one-way departures
2014,ND,DUB,MD,555,one-way departures
2014,ND,DUB,SI,936,one-way departures
2014,ND,LDY,ES,755,one-way departures
2014,ND,BHD,CA,3496,one-way departures
2014,ND,DUB,AZ,332,one-way departures
2014,ND,DUB,HU,31090,one-way departures
2014,ND,DUB,MA,4571,one-way departures
2014,ND,DUB,HR,14293,one-way departures
2014,ND,DUB,BY,338,one-way departures
2014,ND,DUB,BM,561,one-way departures
2014,ND,DUB,KZ,382,one-way departures
2014,ND,DUB,LK,436,one-way departures
2014,ND,BHD,LB,209,one-way departures
2014,ND,BHD,JP,679,one-way departures
2014,ND,BHD,NO,1207,one-way departures
2014,ND,DUB,CL,903,one-way departures
2014,ND,DUB,IQ,500,one-way departures
2014,ND,BHD,MY,244,one-way departures
2014,ND,BHD,US,6107,one-way departures
2014,ND,DUB,LV,18691,one-way departures
2014,ND,BHD,RU,628,one-way departures
2014,ND,DUB,KY,444,one-way departures
2014,ND,BHD,AU,3208,one-way departures
2014,ND,BHD,DK,1146,one-way departures
2014,ND,DUB,PR,1355,one-way departures
2014,ND,BHD,HR,130,one-way departures
2014,ND,BHD,IS,55,one-way departures
2014,ND,DUB,TW,990,one-way departures
2014,ND,DUB,UZ,19,one-way departures
2014,ND,DUB,GI,30,one-way departures
2014,ND,BHD,LK,68,one-way departures
2014,ND,BHD,CL,53,one-way departures
2014,ND,DUB,TZ,356,one-way departures
2014,ND,DUB,IS,280,one-way departures
2014,ND,BHD,AZ,102,one-way departures
2014,ND,DUB,CO,617,one-way departures
2014,ND,BHD,LV,20,one-way departures
2014,ND,DUB,ZM,344,one-way departures
2014,ND,DUB,SO,15,one-way departures
2014,ND,DUB,KH,76,one-way departures
2014,ND,DUB,SN,80,one-way departures
2014,ND,DUB,SZ,39,one-way departures
2014,ND,BFS,BR,15,one-way departures
2014,ND,DUB,00,85,one-way departures
2014,ND,DUB,JM,239,one-way departures
2014,ND,BFS,DE,128,one-way departures
2014,ND,BHD,IQ,182,one-way departures
2014,ND,BFS,PL,5010,one-way departures
2014,ND,BHD,NA,23,one-way departures
2014,ND,BHD,GI,6,one-way departures
2014,ND,BHD,BY,8,one-way departures
2014,ND,DUB,MM,51,one-way departures
2014,ND,BHD,MA,84,one-way departures
2014,ND,BHD,KZ,70,one-way departures
2014,ND,BHD,HU,148,one-way departures
2014,ND,BFS,BE,27,one-way departures
2014,ND,BHD,VE,11,one-way departures
2014,ND,DUB,CI,57,one-way departures
2014,ND,BHD,KY,36,one-way departures
2014,ND,BHD,ZM,65,one-way departures
2014,ND,DUB,CV,9,one-way departures
2014,ND,BHD,MM,22,one-way departures
2014,ND,BHD,00,9,one-way departures
2014,ND,BHD,CU,4,one-way departures
2014,ND,DUB,NA,57,one-way departures
2014,ND,BHD,TZ,14,one-way departures
2014,ND,DUB,DJ,11,one-way departures
2014,ND,DUB,MG,16,one-way departures
2014,ND,BFS,SX,3,one-way departures
2014,ND,DUB,SD,646,one-way departures
2014,ND,DUB,BF,11,one-way departures
2014,ND,DUB,ME,34,one-way departures
2014,ND,DUB,LS,14,one-way departures
2014,ND,DUB,CU,35,one-way departures
2014,ND,BHD,TW,37,one-way departures
2014,ND,BHD,SO,5,one-way departures
2014,ND,DUB,CF,3,one-way departures
2014,ND,DUB,VC,6,one-way departures
2014,ND,BHD,SI,23,one-way departures
2014,ND,DUB,FJ,25,one-way departures
2014,ND,BFS,TN,1,one-way departures
2014,ND,BHD,CO,52,one-way departures
2014,ND,BFS,HK,1,one-way departures
2014,ND,BFS,ZA,1,one-way departures
2014,ND,BFS,PA,8,one-way departures
2014,ND,BHD,JM,12,one-way departures
2014,ND,BHD,BM,32,one-way departures
2014,ND,BFS,CH,4471,one-way departures
2014,ND,DUB,GY,4,one-way departures
2014,ND,BHD,BF,3,one-way departures
2014,ND,BHD,GA,13,one-way departures
2014,ND,BHD,SD,23,one-way departures
2015,POO,DUB,FR,361561,one-way departures
2015,POO,DUB,RS,1534,one-way departures
2015,POO,BFS,IT,3730,one-way departures
2015,POO,BFS,CH,4171,one-way departures
2015,POO,DUB,NZ,8133,one-way departures
2015,POO,DUB,GR,13608,one-way departures
2015,POO,DUB,AR,2701,one-way departures
2015,POO,DUB,BH,1489,one-way departures
2015,POO,BHD,AT,549,one-way departures
2015,POO,BHD,NL,2904,one-way departures
2015,POO,DUB,BA,323,one-way departures
2015,POO,DUB,PT,92768,one-way departures
2015,POO,BHD,IN,1253,one-way departures
2015,POO,DUB,VN,595,one-way departures
2015,POO,DUB,IR,398,one-way departures
2015,POO,DUB,EG,1672,one-way departures
2015,POO,DUB,EE,2959,one-way departures
2015,POO,BHD,KR,229,one-way departures
2015,POO,BHD,SE,1442,one-way departures
2015,POO,DUB,KW,1389,one-way departures
2015,POO,BHD,TH,288,one-way departures
2015,POO,DUB,MX,3596,one-way departures
2015,POO,BHD,SG,367,one-way departures
2015,POO,BHD,BG,200,one-way departures
2015,POO,DUB,QA,1700,one-way departures
2015,POO,DUB,GH,347,one-way departures
2015,POO,BHD,RO,311,one-way departures
2015,POO,BHD,CN,1065,one-way departures
2015,POO,BHD,ES,9974,one-way departures
2015,POO,DUB,LT,22937,one-way departures
2015,POO,DUB,RE,126,one-way departures
2015,POO,DUB,SL,143,one-way departures
2015,POO,DUB,LY,94,one-way departures
2015,POO,DUB,ID,461,one-way departures
2015,POO,DUB,MN,114,one-way departures
2015,POO,BHD,LU,180,one-way departures
2015,POO,DUB,NC,208,one-way departures
2015,POO,BHD,NG,344,one-way departures
2015,POO,BHD,UA,130,one-way departures
2015,POO,DUB,MW,627,one-way departures
2015,POO,BHD,PH,152,one-way departures
2015,POO,DUB,UY,453,one-way departures
2015,POO,BHD,AO,37,one-way departures
2015,POO,DUB,CR,268,one-way departures
2015,POO,BHD,AM,12,one-way departures
2015,POO,BHD,OM,160,one-way departures
2015,POO,DUB,BD,353,one-way departures
2015,POO,DUB,BZ,26,one-way departures
2015,POO,BHD,MU,28,one-way departures
2015,POO,DUB,PY,47,one-way departures
2015,POO,BHD,CY,66,one-way departures
2015,POO,DUB,BO,94,one-way departures
2015,POO,DUB,GM,11,one-way departures
2015,POO,BFS,PL,8259,one-way departures
2015,POO,DUB,PG,52,one-way departures
2015,POO,DUB,VI,30,one-way departures
2015,POO,BHD,IE,226,one-way departures
2015,POO,DUB,BJ,21,one-way departures
2015,POO,DUB,NP,167,one-way departures
2015,POO,DUB,MK,135,one-way departures
2015,POO,BHD,CD,6,one-way departures
2015,POO,BHD,BB,21,one-way departures
2015,POO,DUB,EC,91,one-way departures
2015,POO,BFS,DE,34,one-way departures
2015,POO,BHD,GE,26,one-way departures
2015,POO,DUB,DM,9,one-way departures
2015,POO,BHD,BS,3,one-way departures
2015,POO,BFS,PA,3,one-way departures
2015,POO,DUB,NI,24,one-way departures
2015,POO,BHD,KG,1,one-way departures
2015,POO,DUB,VU,9,one-way departures
2015,POO,DUB,TC,25,one-way departures
2015,POO,DUB,KN,13,one-way departures
2015,POO,DUB,TG,13,one-way departures
2015,POO,DUB,SR,12,one-way departures
2015,POO,DUB,WS,5,one-way departures
2015,POO,BFS,ZA,1,one-way departures
2016,ND,DUB,FR,317647,one-way departures
2016,ND,DUB,GR,17462,one-way departures
2016,ND,BHD,GB,398262,one-way departures
2016,ND,DUB,NZ,9119,one-way departures
2016,ND,BFS,PL,12257,one-way departures
2016,ND,BHD,DK,2542,one-way departures
2016,ND,DUB,EG,2101,one-way departures
2016,ND,DUB,AR,3060,one-way departures
2016,ND,DUB,KW,1397,one-way departures
2016,ND,DUB,ID,901,one-way departures
2016,ND,DUB,BD,392,one-way departures
2016,ND,DUB,VN,985,one-way departures
2016,ND,BHD,CA,3504,one-way departures
2016,ND,DUB,BH,1706,one-way departures
2016,ND,DUB,PT,102483,one-way departures
2016,ND,DUB,EE,5014,one-way departures
2016,ND,DUB,MX,3577,one-way departures
2016,ND,DUB,IR,539,one-way departures
2016,ND,BHD,AU,2603,one-way departures
2016,ND,DUB,MN,165,one-way departures
2016,ND,BHD,US,7256,one-way departures
2016,ND,BHD,HU,392,one-way departures
2016,ND,DUB,QA,1647,one-way departures
2016,ND,BHD,MY,462,one-way departures
2016,ND,BHD,NO,876,one-way departures
2016,ND,DUB,LT,24112,one-way departures
2016,ND,BHD,IQ,193,one-way departures
2016,ND,BHD,SA,877,one-way departures
2016,ND,DUB,BA,268,one-way departures
2016,ND,BHD,JP,683,one-way departures
2016,ND,BHD,RU,608,one-way departures
2016,ND,BHD,SO,25,one-way departures
2016,ND,DUB,RS,1984,one-way departures
2016,ND,DUB,UY,533,one-way departures
2016,ND,DUB,SL,178,one-way departures
2016,ND,BHD,BM,31,one-way departures
2016,ND,DUB,CR,453,one-way departures
2016,ND,BFS,PA,17,one-way departures
2016,ND,DUB,BO,104,one-way departures
2016,ND,BHD,MD,14,one-way departures
2016,ND,BHD,CO,145,one-way departures
2016,ND,DUB,NC,142,one-way departures
2016,ND,BHD,HR,161,one-way departures
2016,ND,BHD,IS,41,one-way departures
2016,ND,BHD,CI,17,one-way departures
2016,ND,DUB,MW,387,one-way departures
2016,ND,DUB,NP,134,one-way departures
2016,ND,BHD,AZ,63,one-way departures
2016,ND,BHD,ZM,37,one-way departures
2016,ND,BHD,TW,109,one-way departures
2016,ND,DUB,RE,86,one-way departures
2016,ND,BHD,MA,208,one-way departures
2016,ND,DUB,NI,64,one-way departures
2016,ND,BHD,CL,93,one-way departures
2016,ND,DUB,KN,28,one-way departures
2016,ND,BHD,JM,34,one-way departures
2016,ND,BHD,KZ,53,one-way departures
2016,ND,DUB,BJ,16,one-way departures
2016,ND,DUB,GH,294,one-way departures
2016,ND,BHD,MM,25,one-way departures
2016,ND,DUB,MK,131,one-way departures
2016,ND,BFS,ZA,14,one-way departures
2016,ND,DUB,GM,22,one-way departures
2016,ND,BHD,BF,6,one-way departures
2016,ND,BHD,GY,8,one-way departures
2016,ND,DUB,TC,35,one-way departures
2016,ND,DUB,PY,49,one-way departures
2016,ND,BHD,LK,108,one-way departures
2016,ND,BHD,LV,38,one-way departures
2016,ND,DUB,EC,89,one-way departures
2016,ND,DUB,SR,16,one-way departures
2016,ND,DUB,PG,44,one-way departures
2016,ND,BFS,IT,2327,one-way departures
2016,ND,DUB,VI,60,one-way departures
2016,ND,BHD,TZ,35,one-way departures
2016,ND,DUB,GL,4,one-way departures
2016,ND,DUB,TG,12,one-way departures
2016,ND,BFS,MT,2,one-way departures
2016,ND,DUB,ML,35,one-way departures
2016,ND,BFS,DE,1981,one-way departures
2016,ND,BHD,BY,6,one-way departures
2016,ND,BHD,NA,22,one-way departures
2016,ND,BHD,KY,68,one-way departures
2016,ND,BFS,AE,5,one-way departures
2016,ND,DUB,WS,10,one-way departures
2016,ND,BFS,CZ,45,one-way departures
2016,ND,BHD,TD,6,one-way departures
2016,ND,DUB,GU,5,one-way departures
2016,ND,BHD,SI,46,one-way departures
2016,ND,BFS,BR,5,one-way departures
2016,ND,BHD,SD,17,one-way departures
2016,ND,BHD,LB,236,one-way departures
2016,ND,BFS,MZ,0,one-way departures
2017,ND,DUB,FR,352025,one-way departures
2017,ND,DUB,PT,119146,one-way departures
2017,ND,DUB,LT,26702,one-way departures
2017,ND,BFS,PT,19151,one-way departures
2017,ND,BFS,FR,20202,one-way departures
2017,ND,BFS,LT,8800,one-way departures
2017,ND,DUB,GR,23164,one-way departures
2017,ND,BHD,ES,10064,one-way departures
2017,ND,DUB,BH,1531,one-way departures
2017,ND,BHD,IE,751,one-way departures
2017,ND,DUB,MX,5299,one-way departures
2017,ND,DUB,EG,1823,one-way departures
2017,ND,DUB,NZ,9677,one-way departures
2017,ND,BHD,NL,5862,one-way departures
2017,ND,BHD,SE,1812,one-way departures
2017,ND,DUB,AR,3581,one-way departures
2017,ND,BHD,IN,1464,one-way departures
2017,ND,DUB,MK,194,one-way departures
2017,ND,DUB,ID,774,one-way departures
2017,ND,DUB,EE,5428,one-way departures
2017,ND,BHD,CN,1198,one-way departures
2017,ND,DUB,MN,283,one-way departures
2017,ND,DUB,CR,519,one-way departures
2017,ND,BHD,LU,378,one-way departures
2017,ND,DUB,UY,655,one-way departures
2017,ND,DUB,KW,1757,one-way departures
2017,ND,DUB,RS,1746,one-way departures
2017,ND,BHD,SG,434,one-way departures
2017,ND,BHD,TH,298,one-way departures
2017,ND,DUB,BD,380,one-way departures
2017,ND,BFS,MX,57,one-way departures
2017,ND,DUB,IR,657,one-way departures
2017,ND,BHD,KR,403,one-way departures
2017,ND,BHD,AT,1066,one-way departures
2017,ND,DUB,VN,1046,one-way departures
2017,ND,DUB,QA,1793,one-way departures
2017,ND,DUB,KN,52,one-way departures
2017,ND,BHD,BG,150,one-way departures
2017,ND,BHD,PH,261,one-way departures
2017,ND,BHD,NG,156,one-way departures
2017,ND,DUB,BO,282,one-way departures
2017,ND,DUB,EC,88,one-way departures
2017,ND,DUB,NP,195,one-way departures
2017,ND,DUB,NI,53,one-way departures
2017,ND,DUB,BZ,15,one-way departures
2017,ND,DUB,MW,301,one-way departures
2017,ND,BHD,BB,118,one-way departures
2017,ND,DUB,SL,156,one-way departures
2017,ND,DUB,RE,181,one-way departures
2017,ND,BHD,RO,311,one-way departures
2017,ND,BHD,MU,32,one-way departures
2017,ND,DUB,ML,51,one-way departures
2017,ND,BHD,UA,207,one-way departures
2017,ND,DUB,LC,27,one-way departures
2017,ND,DUB,GH,330,one-way departures
2017,ND,BHD,HT,7,one-way departures
2017,ND,BHD,BN,29,one-way departures
2017,ND,BHD,BS,13,one-way departures
2017,ND,DUB,TC,30,one-way departures
2017,ND,BFS,GR,451,one-way departures
2017,ND,DUB,PY,78,one-way departures
2017,ND,BHD,KG,19,one-way departures
2017,ND,DUB,VI,28,one-way departures
2017,ND,DUB,PG,43,one-way departures
2017,ND,BHD,MR,12,one-way departures
2017,ND,DUB,BJ,8,one-way departures
2017,ND,DUB,BA,289,one-way departures
2017,ND,BHD,OM,305,one-way departures
2017,ND,DUB,SR,15,one-way departures
2017,ND,BHD,AO,53,one-way departures
2017,ND,BHD,CY,78,one-way departures
2017,ND,DUB,GM,27,one-way departures
2017,ND,LDY,AR,1,one-way departures
2017,ND,BHD,PE,42,one-way departures
2017,ND,BHD,TT,12,one-way departures
2017,ND,BHD,GE,9,one-way departures
2017,ND,BFS,AR,1,one-way departures
2018,ND,BFS,DE,4334,one-way departures
2018,ND,DUB,RO,23720,one-way departures
2018,ND,BHD,GB,403184,one-way departures
2018,ND,DUB,ES,504635,one-way departures
2018,ND,BFS,CH,3626,one-way departures
2018,ND,DUB,CN,42084,one-way departures
2018,ND,BFS,PL,19485,one-way departures
2018,ND,DUB,AT,48887,one-way departures
2018,ND,DUB,NL,210486,one-way departures
2018,ND,LDY,GB,44056,one-way departures
2018,ND,DUB,CY,6530,one-way departures
2018,ND,BFS,IT,10466,one-way departures
2018,ND,DUB,LU,22446,one-way departures
2018,ND,DUB,SE,41721,one-way departures
2018,ND,DUB,GE,403,one-way departures
2018,ND,DUB,IN,19463,one-way departures
2018,ND,BHD,SA,728,one-way departures
2018,ND,BHD,RU,754,one-way departures
2018,ND,DUB,KR,6699,one-way departures
2018,ND,DUB,NG,4162,one-way departures
2018,ND,BHD,CA,3030,one-way departures
2018,ND,BHD,DK,1805,one-way departures
2018,ND,DUB,SG,6458,one-way departures
2018,ND,BHD,US,15301,one-way departures
2018,ND,DUB,BG,17651,one-way departures
2018,ND,DUB,TH,2673,one-way departures
2018,ND,BHD,IS,184,one-way departures
2018,ND,BHD,MY,537,one-way departures
2018,ND,DUB,OM,1278,one-way departures
2018,ND,DUB,CD,160,one-way departures
2018,ND,BFS,TR,646,one-way departures
2018,ND,DUB,PH,2064,one-way departures
2018,ND,BHD,HU,280,one-way departures
2018,ND,BHD,NO,790,one-way departures
2018,ND,BHD,JP,1123,one-way departures
2018,ND,BHD,AU,2996,one-way departures
2018,ND,DUB,MU,294,one-way departures
2018,ND,BHD,HR,97,one-way departures
2018,ND,DUB,TT,213,one-way departures
2018,ND,DUB,UA,3006,one-way departures
2018,ND,LDY,US,55,one-way departures
2018,ND,BHD,TW,240,one-way departures
2018,ND,BHD,AZ,65,one-way departures
2018,ND,BHD,MA,62,one-way departures
2018,ND,DUB,KG,76,one-way departures
2018,ND,BHD,KY,49,one-way departures
2018,ND,DUB,PE,251,one-way departures
2018,ND,BHD,IQ,167,one-way departures
2018,ND,LDY,CO,20,one-way departures
2018,ND,DUB,BN,42,one-way departures
2018,ND,DUB,AO,126,one-way departures
2018,ND,BHD,CL,133,one-way departures
2018,ND,BFS,FO,14,one-way departures
2018,ND,DUB,GT,210,one-way departures
2018,ND,BHD,LK,90,one-way departures
2018,ND,BFS,ZA,35,one-way departures
2018,ND,DUB,AM,82,one-way departures
2018,ND,DUB,MV,35,one-way departures
2018,ND,BHD,ME,21,one-way departures
2018,ND,DUB,HT,60,one-way departures
2018,ND,DUB,CG,21,one-way departures
2018,ND,BHD,CO,119,one-way departures
2018,ND,DUB,LA,41,one-way departures
2018,ND,BHD,MG,5,one-way departures
2018,ND,DUB,MQ,27,one-way departures
2018,ND,DUB,GN,40,one-way departures
2018,ND,BFS,IL,4,one-way departures
2018,ND,DUB,VG,22,one-way departures
2018,ND,BHD,MM,30,one-way departures
2018,ND,DUB,NE,45,one-way departures
2018,ND,BHD,ZM,56,one-way departures
2018,ND,BFS,FI,101,one-way departures
2018,ND,BFS,BE,22,one-way departures
2018,ND,BFS,DO,2,one-way departures
2018,ND,BHD,KZ,90,one-way departures
2018,ND,BHD,PR,19,one-way departures
2018,ND,BHD,JM,46,one-way departures
2018,ND,BHD,MD,5,one-way departures
2018,ND,BHD,NA,17,one-way departures
2018,ND,BHD,TZ,19,one-way departures
2018,ND,BHD,DJ,4,one-way departures
2018,ND,DUB,BS,65,one-way departures
2018,ND,DUB,MR,4,one-way departures
2018,ND,BHD,CI,6,one-way departures
2018,ND,BHD,SD,8,one-way departures
2018,ND,BHD,BF,4,one-way departures
2018,ND,DUB,BB,195,one-way departures
2018,ND,DUB,BI,15,one-way departures
2018,ND,BHD,CF,1,one-way departures
2018,ND,BHD,GA,1,one-way departures
2018,ND,BHD,VE,1,one-way departures
2018,ND,DUB,AG,7,one-way departures
2018,ND,BFS,PK,20,one-way departures
2018,ND,BHD,BM,31,one-way departures
2019,ND,DUB,NL,208881,one-way departures
2019,ND,DUB,ES,503797,one-way departures
2019,ND,DUB,SK,25656,one-way departures
2019,ND,DUB,AT,64093,one-way departures
2019,ND,DUB,SE,44187,one-way departures
2019,ND,BFS,PT,22505,one-way departures
2019,ND,BFS,FR,24886,one-way departures
2019,ND,LDY,GB,45535,one-way departures
2019,ND,DUB,LU,19487,one-way departures
2019,ND,BFS,LT,9410,one-way departures
2019,ND,DUB,BG,18117,one-way departures
2019,ND,DUB,RO,20306,one-way departures
2019,ND,DUB,CN,48332,one-way departures
2019,ND,DUB,SG,6531,one-way departures
2019,ND,DUB,TH,2396,one-way departures
2019,ND,BFS,GR,1695,one-way departures
2019,ND,BHD,HK,1041,one-way departures
2019,ND,DUB,IN,22753,one-way departures
2019,ND,BHD,DE,4924,one-way departures
2019,ND,DUB,NG,3961,one-way departures
2019,ND,DUB,KR,5667,one-way departures
2019,ND,BHD,BE,1033,one-way departures
2019,ND,DUB,PH,1966,one-way departures
2019,ND,DUB,OM,899,one-way departures
2019,ND,BHD,CZ,426,one-way departures
2019,ND,DUB,CY,6313,one-way departures
2019,ND,BHD,MT,130,one-way departures
2019,ND,BHD,FI,828,one-way departures
2019,ND,BHD,AE,590,one-way departures
2019,ND,DUB,TT,315,one-way departures
2019,ND,DUB,UA,4904,one-way departures
2019,ND,BHD,IT,2004,one-way departures
2019,ND,BHD,CH,2000,one-way departures
2019,ND,BHD,ZA,1024,one-way departures
2019,ND,DUB,GE,480,one-way departures
2019,ND,BHD,TR,196,one-way departures
2019,ND,BHD,BR,269,one-way departures
2019,ND,BHD,IL,709,one-way departures
2019,ND,BHD,PL,265,one-way departures
2019,ND,DUB,GT,222,one-way departures
2019,ND,DUB,MU,386,one-way departures
2019,ND,BHD,JO,166,one-way departures
2019,ND,DUB,BS,146,one-way departures
2019,ND,DUB,BB,146,one-way departures
2019,ND,LDY,TW,12,one-way departures
2019,ND,BHD,KE,194,one-way departures
2019,ND,DUB,LA,32,one-way departures
2019,ND,DUB,AO,72,one-way departures
2019,ND,BHD,AL,18,one-way departures
2019,ND,BHD,UG,71,one-way departures
2019,ND,DUB,MV,38,one-way departures
2019,ND,DUB,MR,28,one-way departures
2019,ND,DUB,NE,29,one-way departures
2019,ND,DUB,PE,338,one-way departures
2019,ND,DUB,GN,77,one-way departures
2019,ND,BHD,ZW,58,one-way departures
2019,ND,DUB,VG,27,one-way departures
2019,ND,LDY,US,16,one-way departures
2019,ND,DUB,GF,10,one-way departures
2019,ND,DUB,AG,26,one-way departures
2019,ND,BHD,PK,114,one-way departures
2019,ND,DUB,CD,56,one-way departures
2019,ND,LDY,AU,20,one-way departures
2019,ND,DUB,BI,15,one-way departures
2019,ND,DUB,MQ,36,one-way departures
2019,ND,DUB,HT,19,one-way departures
2019,ND,DUB,KG,45,one-way departures
2019,ND,DUB,AM,161,one-way departures
2019,ND,BHD,PA,5,one-way departures
2019,ND,DUB,BN,62,one-way departures
2019,ND,BHD,TN,18,one-way departures
2019,ND,BFS,NZ,18,one-way departures
2019,ND,BHD,GQ,1,one-way departures
2019,ND,BHD,AF,15,one-way departures
2019,ND,BHD,SC,1,one-way departures
2019,ND,DUB,CG,71,one-way departures
2019,ND,BHD,SV,3,one-way departures
2019,ND,LDY,NO,1,one-way departures
2019,ND,BHD,GD,5,one-way departures
2021,ND,DUB,GB,913915,one-way departures
2021,ND,DUB,US,476214,one-way departures
2021,ND,DUB,DK,33330,one-way departures
2021,ND,DUB,HU,24670,one-way departures
2021,ND,DUB,LV,12762,one-way departures
2021,ND,BFS,FR,7524,one-way departures
2021,ND,BFS,LT,3351,one-way departures
2021,ND,DUB,CA,27039,one-way departures
2021,ND,DUB,RU,5833,one-way departures
2021,ND,BFS,PT,8423,one-way departures
2021,ND,DUB,AU,26811,one-way departures
2021,ND,DUB,JP,5177,one-way departures
2021,ND,DUB,MY,1246,one-way departures
2021,ND,DUB,SD,520,one-way departures
2021,ND,DUB,NO,12796,one-way departures
2021,ND,DUB,HR,11000,one-way departures
2021,ND,DUB,ME,195,one-way departures
2021,ND,DUB,PR,912,one-way departures
2021,ND,DUB,CL,861,one-way departures
2021,ND,BHD,SG,195,one-way departures
2021,ND,BHD,ES,4189,one-way departures
2021,ND,BHD,SE,567,one-way departures
2021,ND,DUB,SI,415,one-way departures
2021,ND,BHD,NL,3194,one-way departures
2021,ND,DUB,AZ,94,one-way departures
2021,ND,BHD,NG,858,one-way departures
2021,ND,DUB,SA,2025,one-way departures
2021,ND,BHD,CN,317,one-way departures
2021,ND,DUB,IQ,400,one-way departures
2021,ND,BHD,UA,31,one-way departures
2021,ND,DUB,BY,98,one-way departures
2021,ND,DUB,TW,617,one-way departures
2021,ND,BHD,BG,51,one-way departures
2021,ND,DUB,IS,2330,one-way departures
2021,ND,BHD,IN,779,one-way departures
2021,ND,BHD,LU,58,one-way departures
2021,ND,BHD,OM,37,one-way departures
2021,ND,DUB,MA,2581,one-way departures
2021,ND,DUB,JM,107,one-way departures
2021,ND,DUB,VE,45,one-way departures
2021,ND,DUB,KZ,436,one-way departures
2021,ND,DUB,LK,146,one-way departures
2021,ND,DUB,MD,3895,one-way departures
2021,ND,BHD,GE,7,one-way departures
2021,ND,BHD,KR,51,one-way departures
2021,ND,DUB,KY,423,one-way departures
2021,ND,BHD,PH,127,one-way departures
2021,ND,BHD,IE,714,one-way departures
2021,ND,DUB,CO,225,one-way departures
2021,ND,DUB,SN,75,one-way departures
2021,ND,DUB,SO,80,one-way departures
2021,ND,DUB,LB,911,one-way departures
2021,ND,DUB,TZ,219,one-way departures
2021,ND,DUB,MG,12,one-way departures
2021,ND,DUB,CI,114,one-way departures
2021,ND,DUB,BM,275,one-way departures
2021,ND,BHD,BS,40,one-way departures
2021,ND,BHD,RO,107,one-way departures
2021,ND,DUB,FJ,14,one-way departures
2021,ND,BHD,TH,146,one-way departures
2021,ND,DUB,BF,47,one-way departures
2021,ND,BHD,PE,16,one-way departures
2021,ND,DUB,KH,86,one-way departures
2021,ND,DUB,MM,18,one-way departures
2021,ND,DUB,CF,1,one-way departures
2021,ND,DUB,SH,1,one-way departures
2021,ND,DUB,ZM,195,one-way departures
2021,ND,BHD,AM,13,one-way departures
2021,ND,DUB,NA,49,one-way departures
2021,ND,BHD,BB,72,one-way departures
2021,ND,DUB,GY,38,one-way departures
2021,ND,BHD,AT,362,one-way departures
2021,ND,DUB,UZ,17,one-way departures
2021,ND,BFS,SR,1,one-way departures
2021,ND,BHD,CY,207,one-way departures
2021,ND,BFS,GR,1097,one-way departures
2021,ND,BHD,AG,30,one-way departures
2021,ND,DUB,CV,6,one-way departures
2021,ND,BHD,MV,14,one-way departures
2021,ND,DUB,DJ,48,one-way departures
2021,ND,DUB,GI,114,one-way departures
2021,ND,DUB,VC,5,one-way departures
2021,ND,BHD,GT,4,one-way departures
2021,ND,DUB,GA,16,one-way departures
2021,ND,BHD,MU,28,one-way departures
2022,ND,DUB,GR,30683,one-way departures
2022,ND,DUB,FR,286659,one-way departures
2022,ND,BHD,GB,221469,one-way departures
2022,ND,BFS,GR,4389,one-way departures
2022,ND,DUB,NZ,6099,one-way departures
2022,ND,BFS,FR,17066,one-way departures
2022,ND,DUB,MX,4693,one-way departures
2022,ND,DUB,BO,2370,one-way departures
2022,ND,DUB,QA,915,one-way departures
2022,ND,DUB,KW,1234,one-way departures
2022,ND,DUB,PT,97744,one-way departures
2022,ND,DUB,EE,4362,one-way departures
2022,ND,BHD,US,17785,one-way departures
2022,ND,BHD,DK,936,one-way departures
2022,ND,DUB,AR,2340,one-way departures
2022,ND,DUB,BD,418,one-way departures
2022,ND,DUB,LT,24793,one-way departures
2022,ND,DUB,GH,519,one-way departures
2022,ND,DUB,ID,549,one-way departures
2022,ND,BHD,NO,447,one-way departures
2022,ND,DUB,RS,1441,one-way departures
2022,ND,DUB,BA,238,one-way departures
2022,ND,DUB,BH,892,one-way departures
2022,ND,BHD,CA,2190,one-way departures
2022,ND,BHD,HU,262,one-way departures
2022,ND,DUB,EC,222,one-way departures
2022,ND,BHD,AU,1900,one-way departures
2022,ND,DUB,VN,471,one-way departures
2022,ND,DUB,IR,522,one-way departures
2022,ND,BHD,SA,455,one-way departures
2022,ND,BHD,MY,315,one-way departures
2022,ND,DUB,EG,1408,one-way departures
2022,ND,BHD,MA,91,one-way departures
2022,ND,BHD,GI,28,one-way departures
2022,ND,BHD,IS,37,one-way departures
2022,ND,DUB,NC,39,one-way departures
2022,ND,DUB,UY,661,one-way departures
2022,ND,DUB,RE,268,one-way departures
2022,ND,DUB,KN,78,one-way departures
2022,ND,BHD,HR,96,one-way departures
2022,ND,DUB,MN,114,one-way departures
2022,ND,DUB,PG,47,one-way departures
2022,ND,DUB,CR,745,one-way departures
2022,ND,DUB,BJ,51,one-way departures
2022,ND,BHD,KY,54,one-way departures
2022,ND,DUB,NP,219,one-way departures
2022,ND,BHD,SI,30,one-way departures
2022,ND,BHD,JP,249,one-way departures
2022,ND,BHD,LK,36,one-way departures
2022,ND,DUB,NI,22,one-way departures
2022,ND,BHD,IQ,117,one-way departures
2022,ND,DUB,BZ,53,one-way departures
2022,ND,DUB,PW,5,one-way departures
2022,ND,DUB,VI,49,one-way departures
2022,ND,DUB,MW,213,one-way departures
2022,ND,DUB,TC,44,one-way departures
2022,ND,BHD,PR,12,one-way departures
2022,ND,BHD,CO,55,one-way departures
2022,ND,BFS,EE,5,one-way departures
2022,ND,DUB,ML,88,one-way departures
2022,ND,BHD,CL,90,one-way departures
2022,ND,BHD,NA,25,one-way departures
2022,ND,DUB,SR,137,one-way departures
2022,ND,DUB,PY,96,one-way departures
2022,ND,DUB,LY,2,one-way departures
2022,ND,DUB,GM,22,one-way departures
2022,ND,BHD,RU,10,one-way departures
2022,ND,BHD,JM,42,one-way departures
2022,ND,DUB,TL,2,one-way departures
2022,ND,DUB,SL,117,one-way departures
2022,ND,DUB,LC,94,one-way departures
2022,ND,BHD,TZ,17,one-way departures
2022,ND,BHD,BM,115,one-way departures
2022,ND,BHD,DJ,1,one-way departures
2022,ND,BHD,KZ,29,one-way departures
2022,ND,BFS,EG,1,one-way departures
2022,ND,BHD,LB,14,one-way departures
2022,ND,BFS,NP,1,one-way departures
2022,ND,BFS,RS,1,one-way departures
2022,ND,DUB,GU,1,one-way departures
2022,ND,BFS,PT,19436,one-way departures
2022,ND,BHD,AZ,45,one-way departures
2022,ND,BHD,GA,6,one-way departures
2022,ND,BHD,VC,2,one-way departures
2024,ND,DUB,GR,38856,one-way departures
2024,ND,BFS,ES,136557,one-way departures
2024,ND,BFS,CY,5038,one-way departures
2024,ND,DUB,PT,122396,one-way departures
2024,ND,DUB,LT,26167,one-way departures
2024,ND,DUB,FR,459701,one-way departures
2024,ND,DUB,EG,2371,one-way departures
2024,ND,DUB,NZ,9323,one-way departures
2024,ND,DUB,EE,4938,one-way departures
2024,ND,DUB,MX,5401,one-way departures
2024,ND,DUB,KW,1028,one-way departures
2024,ND,BHD,FR,1735,one-way departures
2024,ND,DUB,AR,2474,one-way departures
2024,ND,DUB,NP,277,one-way departures
2024,ND,DUB,CR,959,one-way departures
2024,ND,DUB,QA,1587,one-way departures
2024,ND,BHD,GR,406,one-way departures
2024,ND,DUB,UY,687,one-way departures
2024,ND,DUB,BH,865,one-way departures
2024,ND,DUB,IR,466,one-way departures
2024,ND,BFS,NL,11917,one-way departures
2024,ND,DUB,ID,763,one-way departures
2024,ND,DUB,BO,568,one-way departures
2024,ND,DUB,RE,241,one-way departures
2024,ND,DUB,SR,253,one-way departures
2024,ND,DUB,GH,563,one-way departures
2024,ND,DUB,MW,269,one-way departures
2024,ND,DUB,VN,1348,one-way departures
2024,ND,DUB,BJ,60,one-way departures
2024,ND,DUB,MK,202,one-way departures
2024,ND,BHD,AR,86,one-way departures
2024,ND,BHD,VN,86,one-way departures
2024,ND,BHD,PT,417,one-way departures
2024,ND,DUB,GL,29,one-way departures
2024,ND,DUB,EC,196,one-way departures
2024,ND,DUB,RS,1270,one-way departures
2024,ND,BHD,KW,226,one-way departures
2024,ND,DUB,ML,29,one-way departures
2024,ND,LDY,FR,22,one-way departures
2024,ND,BFS,SE,34,one-way departures
2024,ND,BHD,MX,273,one-way departures
2024,ND,DUB,PG,43,one-way departures
2024,ND,BFS,RO,26,one-way departures
2024,ND,DUB,KN,145,one-way departures
2024,ND,DUB,TC,209,one-way departures
2024,ND,BHD,QA,197,one-way departures
2024,ND,BHD,GH,150,one-way departures
2024,ND,DUB,BD,522,one-way departures
2024,ND,BHD,EE,58,one-way departures
2024,ND,BHD,ID,84,one-way departures
2024,ND,DUB,VI,12,one-way departures
2024,ND,DUB,PY,80,one-way departures
2024,ND,BHD,EG,130,one-way departures
2024,ND,BHD,NZ,457,one-way departures
2024,ND,BHD,BA,12,one-way departures
2024,ND,DUB,BZ,65,one-way departures
2024,ND,DUB,GM,24,one-way departures
2024,ND,BHD,BH,162,one-way departures
2024,ND,DUB,BA,315,one-way departures
2024,ND,BHD,MW,17,one-way departures
2024,ND,DUB,LY,41,one-way departures
2024,ND,BFS,AT,686,one-way departures
2024,ND,DUB,LC,124,one-way departures
2024,ND,BHD,BD,14,one-way departures
2024,ND,BHD,RS,97,one-way departures
2024,ND,BFS,PH,3,one-way departures
2024,ND,BHD,LT,74,one-way departures
2024,ND,LDY,BH,5,one-way departures
2024,ND,BHD,PY,6,one-way departures
2024,ND,BHD,EC,17,one-way departures
2024,ND,DUB,MN,221,one-way departures
2024,ND,DUB,NI,37,one-way departures
2024,ND,DUB,SL,55,one-way departures
2024,ND,DUB,GU,6,one-way departures
2024,ND,BHD,NP,41,one-way departures
2024,ND,DUB,BL,2,one-way departures
2024,ND,DUB,NC,6,one-way departures
2024,ND,LDY,NZ,1,one-way departures
2024,ND,BFS,IE,25,one-way departures
2024,ND,BHD,NI,3,one-way departures
2024,ND,BHD,MK,6,one-way departures
2025,ND,DUB,FR,411072,one-way departures
2025,ND,BFS,GB,586934,one-way departures
2025,ND,DUB,PT,143913,one-way departures
2025,ND,DUB,LT,33475,one-way departures
2025,ND,DUB,GR,44431,one-way departures
2025,ND,DUB,EE,7220,one-way departures
2025,ND,DUB,MX,6450,one-way departures
2025,ND,BFS,HU,3351,one-way departures
2025,ND,BFS,US,531,one-way departures
2025,ND,DUB,NZ,10565,one-way departures
2025,ND,BHD,FR,1715,one-way departures
2025,ND,DUB,BH,782,one-way departures
2025,ND,DUB,GH,687,one-way departures
2025,ND,DUB,BD,719,one-way departures
2025,ND,DUB,AR,2978,one-way departures
2025,ND,DUB,SR,280,one-way departures
2025,ND,DUB,ID,1423,one-way departures
2025,ND,BFS,MA,2906,one-way departures
2025,ND,BFS,NO,337,one-way departures
2025,ND,DUB,RE,259,one-way departures
2025,ND,DUB,VN,2081,one-way departures
2025,ND,DUB,MN,217,one-way departures
2025,ND,DUB,BA,265,one-way departures
2025,ND,DUB,SL,134,one-way departures
2025,ND,DUB,QA,2997,one-way departures
2025,ND,LDY,AL,55,one-way departures
2025,ND,DUB,EG,2448,one-way departures
2025,ND,DUB,KW,1031,one-way departures
2025,ND,DUB,IR,150,one-way departures
2025,ND,BHD,RS,133,one-way departures
2025,ND,DUB,CR,898,one-way departures
2025,ND,DUB,RS,858,one-way departures
2025,ND,BHD,BD,38,one-way departures
2025,ND,DUB,BJ,42,one-way departures
2025,ND,BHD,GR,254,one-way departures
2025,ND,BFS,DK,95,one-way departures
2025,ND,BHD,KW,96,one-way departures
2025,ND,DUB,MW,419,one-way departures
2025,ND,LDY,DE,66,one-way departures
2025,ND,BHD,AR,105,one-way departures
2025,ND,DUB,UY,770,one-way departures
2025,ND,BHD,MK,40,one-way departures
2025,ND,BHD,MX,90,one-way departures
2025,ND,BHD,NZ,429,one-way departures
2025,ND,BHD,QA,75,one-way departures
2025,ND,DUB,LY,119,one-way departures
2025,ND,DUB,NI,51,one-way departures
2025,ND,DUB,NP,313,one-way departures
2025,ND,DUB,GL,16,one-way departures
2025,ND,DUB,MK,274,one-way departures
2025,ND,BHD,NP,47,one-way departures
2025,ND,DUB,PY,99,one-way departures
2025,ND,LDY,AE,20,one-way departures
2025,ND,BHD,PY,8,one-way departures
2025,ND,LDY,IT,23,one-way departures
2025,ND,BHD,BH,82,one-way departures
2025,ND,BHD,EG,59,one-way departures
2025,ND,BHD,ID,77,one-way departures
2025,ND,DUB,TC,42,one-way departures
2025,ND,DUB,VI,69,one-way departures
2025,ND,DUB,EC,116,one-way departures
2025,ND,BHD,IR,6,one-way departures
2025,ND,LDY,BE,45,one-way departures
2025,ND,BFS,CA,8,one-way departures
2025,ND,LDY,CZ,5,one-way departures
2025,ND,LDY,KE,9,one-way departures
2025,ND,BHD,PT,447,one-way departures
2025,ND,BHD,UY,41,one-way departures
2025,ND,LDY,PL,7,one-way departures
2025,ND,BHD,VN,56,one-way departures
2025,ND,BHD,TC,3,one-way departures
2025,ND,DUB,PG,23,one-way departures
2025,ND,DUB,ML,22,one-way departures
2025,ND,LDY,ZA,20,one-way departures
2025,ND,BHD,GH,99,one-way departures
2025,ND,LDY,IL,20,one-way departures
2025,ND,DUB,LC,9,one-way departures
2025,ND,BFS,AU,22,one-way departures
2025,ND,BHD,MW,31,one-way departures
2025,ND,LDY,PK,1,one-way departures
2025,ND,BHD,ML,1,one-way departures
2025,ND,DUB,BO,34,one-way departures
2025,ND,BHD,CR,2,one-way departures
2025,ND,LDY,FI,4,one-way departures
2025,ND,LDY,CH,49,one-way departures
2025,ND,BHD,LC,1,one-way departures
2025,ND,LDY,HK,0,one-way departures
2025,ND,BHD,VI,4,one-way departures
2025,ND,BHD,EE,26,one-way departures
2025,ND,BHD,BO,0,one-way departures
2025,ND,BHD,BZ,17,one-way departures
2013,POO,BFS,PT,9840,one-way departures
2013,POO,BHD,MT,67,one-way departures
2013,POO,BHD,JO,149,one-way departures
2013,POO,BFS,NZ,20,one-way departures
2013,POO,BHD,AW,3,one-way departures
2013,POO,BHD,PF,2,one-way departures
2013,POO,BHD,ET,3,one-way departures
2013,POO,DUB,VC,4,one-way departures
2013,POO,BHD,CM,2,one-way departures
2013,POO,DUB,CF,0,one-way departures
2023,ND,BFS,NO,421,one-way departures
2023,ND,LDY,FR,185,one-way departures
2023,ND,DUB,BQ,131,one-way departures
2023,ND,BFS,IS,13,one-way departures
2023,ND,BHD,CI,10,one-way departures
2023,ND,BHD,GI,5,one-way departures
2023,ND,BFS,US,536,one-way departures
2023,ND,DUB,BI,10,one-way departures
2023,ND,LDY,QA,2,one-way departures
2023,ND,BHD,PR,3,one-way departures
2023,ND,BHD,MD,2,one-way departures
2023,ND,DUB,TO,9,one-way departures
2023,ND,BHD,MM,1,one-way departures
2023,ND,BFS,CA,1,one-way departures
2023,ND,BHD,GY,19,one-way departures
2014,ND,DUB,GA,39,one-way departures
2014,ND,DUB,YE,84,one-way departures
2014,ND,DUB,TJ,25,one-way departures
2014,ND,BHD,KH,4,one-way departures
2014,ND,BHD,DJ,11,one-way departures
2014,ND,BHD,SZ,3,one-way departures
2014,ND,BFS,SV,9,one-way departures
2014,ND,BHD,UZ,11,one-way departures
2014,ND,BHD,MD,22,one-way departures
2014,ND,BHD,ME,46,one-way departures
2014,ND,BFS,IL,1,one-way departures
2014,ND,BFS,HN,1,one-way departures
2014,ND,BHD,PR,4,one-way departures
2015,POO,LDY,ES,275,one-way departures
2015,POO,BHD,TT,52,one-way departures
2015,POO,DUB,ML,43,one-way departures
2015,POO,BFS,CZ,2506,one-way departures
2015,POO,DUB,LC,19,one-way departures
2015,POO,BHD,BN,5,one-way departures
2015,POO,BHD,PE,6,one-way departures
2015,POO,BFS,IL,1,one-way departures
2015,POO,BHD,MV,1,one-way departures
2015,POO,BHD,NE,1,one-way departures
2015,POO,DUB,KI,1,one-way departures
2015,POO,BHD,SK,5,one-way departures
2016,ND,BFS,TR,2667,one-way departures
2016,ND,BFS,CH,3820,one-way departures
2016,ND,BHD,GI,14,one-way departures
2016,ND,BHD,ME,20,one-way departures
2016,ND,BHD,KH,10,one-way departures
2016,ND,DUB,LY,10,one-way departures
2016,ND,DUB,BZ,32,one-way departures
2016,ND,BHD,PR,20,one-way departures
2016,ND,BFS,IL,2,one-way departures
2016,ND,BHD,VE,5,one-way departures
2016,ND,DUB,LC,12,one-way departures
2016,ND,DUB,DM,1,one-way departures
2016,ND,BFS,HN,1,one-way departures
2017,ND,DUB,NC,28,one-way departures
2017,ND,BHD,GT,9,one-way departures
2017,ND,BHD,SK,5,one-way departures
2017,ND,BHD,AM,8,one-way departures
2017,ND,DUB,LY,5,one-way departures
2017,ND,BHD,CD,12,one-way departures
2017,ND,DUB,TG,14,one-way departures
2017,ND,BHD,BI,1,one-way departures
2017,ND,BFS,NZ,19,one-way departures
2018,ND,BFS,MT,1784,one-way departures
2018,ND,BFS,CZ,811,one-way departures
2018,ND,BHD,LV,37,one-way departures
2018,ND,BHD,LB,227,one-way departures
2018,ND,DUB,SK,26829,one-way departures
2018,ND,BFS,TN,4,one-way departures
2018,ND,BFS,AE,2,one-way departures
2018,ND,DUB,GF,4,one-way departures
2018,ND,BHD,TD,3,one-way departures
2018,ND,LDY,AU,1,one-way departures
2018,ND,BHD,SO,11,one-way departures
2018,ND,DUB,BQ,1,one-way departures
2018,ND,LDY,TZ,1,one-way departures
2018,ND,BHD,SI,17,one-way departures
2018,ND,BHD,BY,2,one-way departures
2019,ND,BFS,MX,77,one-way departures
2019,ND,BHD,SS,24,one-way departures
2019,ND,BHD,TV,7,one-way departures
2019,ND,BHD,DZ,9,one-way departures
2019,ND,BHD,ET,8,one-way departures
2019,ND,BHD,MZ,4,one-way departures
2019,ND,BHD,BW,18,one-way departures
2019,ND,BHD,FO,4,one-way departures
2019,ND,LDY,DK,3,one-way departures
2019,ND,BHD,DO,4,one-way departures
2019,ND,BHD,GP,1,one-way departures
2019,ND,BFS,ID,0,one-way departures
2021,ND,DUB,TM,3,one-way departures
2021,ND,DUB,CU,5,one-way departures
2021,ND,DUB,TD,15,one-way departures
2021,ND,DUB,SZ,19,one-way departures
2021,ND,DUB,00,1,one-way departures
2021,ND,BFS,NZ,0,one-way departures
2021,ND,BHD,TT,7,one-way departures
2022,ND,DUB,MK,127,one-way departures
2022,ND,BHD,TW,29,one-way departures
2022,ND,BHD,KH,11,one-way departures
2022,ND,DUB,WS,4,one-way departures
2022,ND,BHD,ZM,11,one-way departures
2022,ND,BHD,CI,2,one-way departures
2022,ND,DUB,TG,8,one-way departures
2022,ND,BHD,LV,2,one-way departures
2024,ND,BFS,BG,466,one-way departures
2024,ND,DUB,YT,23,one-way departures
2024,ND,BHD,CR,15,one-way departures
2024,ND,BHD,LC,5,one-way departures
2024,ND,LDY,EE,4,one-way departures
2024,ND,BHD,PG,7,one-way departures
2024,ND,BHD,SL,12,one-way departures
2024,ND,DUB,PW,3,one-way departures
2024,ND,BFS,CN,2,one-way departures
2024,ND,BHD,DM,2,one-way departures
2024,ND,LDY,QA,3,one-way departures
2024,ND,BHD,TC,0,one-way departures
2025,ND,BFS,ME,105,one-way departures
2025,ND,BFS,IS,44,one-way departures
2025,ND,DUB,NC,59,one-way departures
2025,ND,DUB,GM,24,one-way departures
2025,ND,DUB,BZ,76,one-way departures
2025,ND,DUB,KN,39,one-way departures
2025,ND,BHD,SL,13,one-way departures
2025,ND,DUB,YT,3,one-way departures
2025,ND,DUB,BL,2,one-way departures
2025,ND,DUB,WS,1,one-way departures
2025,ND,LDY,BR,2,one-way departures
2025,ND,BFS,GI,1,one-way departures
2013,POO,BFS,CR,5,one-way departures
2013,POO,DUB,SO,3,one-way departures
2013,POO,DUB,CV,2,one-way departures
2013,POO,BHD,GD,0,one-way departures
2013,POO,BHD,ER,0,one-way departures
2013,POO,BHD,FO,1,one-way departures
2023,ND,DUB,KG,78,one-way departures
2023,ND,BHD,LV,52,one-way departures
2023,ND,BFS,LV,47,one-way departures
2023,ND,BHD,BF,5,one-way departures
2023,ND,BHD,TM,3,one-way departures
2023,ND,BHD,RU,4,one-way departures
2023,ND,BHD,VC,2,one-way departures
2023,ND,BHD,UZ,1,one-way departures
2023,ND,BHD,ME,1,one-way departures
2014,ND,BFS,TR,2664,one-way departures
2014,ND,BFS,MT,2283,one-way departures
2014,ND,BHD,YE,23,one-way departures
2014,ND,DUB,TD,49,one-way departures
2014,ND,BFS,AW,1,one-way departures
2014,ND,BHD,CI,1,one-way departures
2014,ND,BHD,LS,1,one-way departures
2014,ND,BFS,AE,1,one-way departures
2014,ND,BHD,FJ,0,one-way departures
2015,POO,BFS,MT,2400,one-way departures
2015,POO,BHD,BI,3,one-way departures
2015,POO,DUB,GL,3,one-way departures
2015,POO,DUB,GU,5,one-way departures
2015,POO,BFS,BW,1,one-way departures
2015,POO,DUB,TL,1,one-way departures
2015,POO,BHD,CG,0,one-way departures
2016,ND,DUB,BL,2,one-way departures
2016,ND,BHD,FJ,4,one-way departures
2016,ND,BHD,CF,5,one-way departures
2016,ND,BFS,AF,1,one-way departures
2016,ND,BFS,UG,0,one-way departures
2017,ND,BFS,MK,3,one-way departures
2017,ND,BFS,KW,1,one-way departures
2017,ND,DUB,GL,7,one-way departures
2018,ND,BHD,KH,23,one-way departures
2018,ND,DUB,TO,5,one-way departures
2018,ND,BFS,HK,8,one-way departures
2018,ND,LDY,NO,1,one-way departures
2018,ND,DUB,SB,1,one-way departures
2018,ND,BFS,SC,1,one-way departures
2018,ND,BHD,GY,1,one-way departures
2018,ND,BFS,CM,1,one-way departures
2019,ND,DUB,MF,3,one-way departures
2019,ND,BHD,HN,3,one-way departures
2019,ND,BHD,CM,6,one-way departures
2019,ND,BFS,IR,2,one-way departures
2019,ND,LDY,CL,2,one-way departures
2019,ND,BHD,LR,1,one-way departures
2021,ND,DUB,TJ,12,one-way departures
2021,ND,BHD,AO,6,one-way departures
2021,ND,BHD,HT,2,one-way departures
2021,ND,BHD,SK,0,one-way departures
2022,ND,BFS,LT,3013,one-way departures
2022,ND,DUB,DM,7,one-way departures
2022,ND,BHD,SO,2,one-way departures
2022,ND,BHD,MD,1,one-way departures
2022,ND,DUB,BL,1,one-way departures
2024,ND,DUB,TG,17,one-way departures
2024,ND,BHD,BZ,8,one-way departures
2024,ND,DUB,WS,4,one-way departures
2024,ND,BHD,IR,2,one-way departures
2024,ND,BFS,IN,2,one-way departures
2024,ND,LDY,MX,1,one-way departures
2025,ND,BHD,BA,11,one-way departures
2025,ND,LDY,UG,1,one-way departures
2013,POO,BHD,SX,2,one-way departures
2023,ND,BHD,TD,13,one-way departures
2023,ND,BHD,SH,6,one-way departures
2023,ND,BHD,VE,3,one-way departures
2023,ND,BHD,MG,1,one-way departures
2023,ND,BHD,GA,1,one-way departures
2023,ND,BHD,FM,1,one-way departures
2023,ND,BHD,SD,0,one-way departures
2023,ND,LDY,KW,1,one-way departures
2015,POO,BFS,TR,2122,one-way departures
2015,POO,BHD,AG,4,one-way departures
2015,POO,BFS,DO,3,one-way departures
2015,POO,BHD,GT,1,one-way departures
2015,POO,BFS,BE,0,one-way departures
2016,ND,BHD,00,3,one-way departures
2016,ND,DUB,VU,1,one-way departures
2017,ND,DUB,GU,3,one-way departures
2017,ND,DUB,VU,2,one-way departures
2017,ND,DUB,TL,1,one-way departures
2018,ND,BHD,GI,9,one-way departures
2018,ND,BHD,LS,3,one-way departures
2018,ND,LDY,TW,2,one-way departures
2018,ND,DUB,BT,1,one-way departures
2018,ND,BHD,FJ,1,one-way departures
2019,ND,BHD,RW,16,one-way departures
2019,ND,DUB,SB,1,one-way departures
2021,ND,LDY,FR,0,one-way departures
2022,ND,LDY,FR,44,one-way departures
2022,ND,LDY,GR,6,one-way departures
2022,ND,DUB,YT,5,one-way departures
2022,ND,DUB,GL,5,one-way departures
2022,ND,BHD,SD,2,one-way departures
2022,ND,BHD,SN,2,one-way departures
2022,ND,LDY,PT,1,one-way departures
2024,ND,BFS,SK,25,one-way departures
2024,ND,LDY,GR,7,one-way departures
2024,ND,DUB,VU,4,one-way departures
2024,ND,DUB,DM,3,one-way departures
2024,ND,DUB,TL,3,one-way departures
2024,ND,LDY,PT,1,one-way departures
2024,ND,BFS,SG,1,one-way departures
2025,ND,BFS,HR,437,one-way departures
2025,ND,BFS,LV,24,one-way departures
2025,ND,BHD,LT,21,one-way departures
2025,ND,DUB,PW,12,one-way departures
2025,ND,LDY,TR,7,one-way departures
2025,ND,DUB,TG,2,one-way departures
2025,ND,BHD,GM,0,one-way departures
2013,POO,DUB,ZA,10201,one-way departures
2013,POO,DUB,IT,218103,one-way departures
2013,POO,BHD,GB,380227,one-way departures
2013,POO,DUB,AE,10443,one-way departures
2013,POO,DUB,DE,422989,one-way departures
2013,POO,DUB,PL,118982,one-way departures
2013,POO,DUB,IL,8342,one-way departures
2013,POO,DUB,HK,3220,one-way departures
2013,POO,DUB,BR,16570,one-way departures
2013,POO,BFS,ES,61903,one-way departures
2013,POO,DUB,CH,90918,one-way departures
2013,POO,DUB,FI,24272,one-way departures
2013,POO,DUB,TR,11298,one-way departures
2013,POO,DUB,PK,2044,one-way departures
2013,POO,DUB,TN,388,one-way departures
2013,POO,BHD,RU,1165,one-way departures
2013,POO,BHD,CA,4183,one-way departures
2013,POO,BHD,AU,3670,one-way departures
2013,POO,DUB,DZ,312,one-way departures
2013,POO,DUB,BE,84419,one-way departures
2013,POO,DUB,ET,253,one-way departures
2013,POO,BHD,AZ,118,one-way departures
2013,POO,DUB,MT,8333,one-way departures
2013,POO,DUB,KE,783,one-way departures
2013,POO,BHD,JP,804,one-way departures
2013,POO,DUB,CZ,26677,one-way departures
2013,POO,DUB,UG,421,one-way departures
2013,POO,BHD,HU,117,one-way departures
2013,POO,BHD,US,5611,one-way departures
2013,POO,BHD,NO,836,one-way departures
2013,POO,BHD,SA,758,one-way departures
2013,POO,DUB,JO,742,one-way departures
2013,POO,DUB,ZW,236,one-way departures
2013,POO,DUB,AL,110,one-way departures
2013,POO,BHD,HR,174,one-way departures
2013,POO,DUB,BW,277,one-way departures
2013,POO,BHD,DK,1308,one-way departures
2013,POO,BHD,KZ,87,one-way departures
2013,POO,BHD,LB,84,one-way departures
2013,POO,DUB,SC,25,one-way departures
2013,POO,BHD,IQ,180,one-way departures
2013,POO,BHD,LK,50,one-way departures
2013,POO,DUB,MZ,216,one-way departures
2013,POO,BHD,CO,39,one-way departures
2013,POO,BFS,NL,17019,one-way departures
2013,POO,BHD,BM,74,one-way departures
2013,POO,BHD,MY,258,one-way departures
2013,POO,DUB,PA,129,one-way departures
2013,POO,BFS,SG,6,one-way departures
2013,POO,BHD,TW,61,one-way departures
2013,POO,DUB,AF,226,one-way departures
2013,POO,DUB,DO,79,one-way departures
2013,POO,DUB,SS,54,one-way departures
2013,POO,BHD,CL,35,one-way departures
2013,POO,DUB,GP,6,one-way departures
2013,POO,BHD,ZM,57,one-way departures
2013,POO,BFS,IE,6,one-way departures
2013,POO,DUB,CM,70,one-way departures
2013,POO,BHD,TZ,46,one-way departures
2013,POO,BHD,MA,44,one-way departures
2013,POO,BHD,BF,3,one-way departures
2013,POO,DUB,HN,42,one-way departures
2013,POO,LDY,CA,3,one-way departures
2013,POO,BHD,VE,59,one-way departures
2013,POO,DUB,CW,24,one-way departures
2013,POO,BHD,KH,9,one-way departures
2013,POO,BHD,GA,8,one-way departures
2013,POO,DUB,LR,26,one-way departures
2013,POO,BHD,SI,13,one-way departures
2013,POO,LDY,GB,59434,one-way departures
2013,POO,BHD,CI,2,one-way departures
2013,POO,BHD,JM,17,one-way departures
2013,POO,BHD,BY,10,one-way departures
2013,POO,DUB,PF,3,one-way departures
2013,POO,DUB,SV,27,one-way departures
2013,POO,BHD,SD,27,one-way departures
2013,POO,DUB,RW,78,one-way departures
2013,POO,BHD,00,13,one-way departures
2013,POO,DUB,SX,4,one-way departures
2013,POO,BHD,KY,22,one-way departures
2013,POO,BHD,SN,3,one-way departures
2013,POO,BHD,YE,38,one-way departures
2013,POO,BHD,LV,55,one-way departures
2023,ND,DUB,FR,367828,one-way departures
2023,ND,DUB,LT,18737,one-way departures
2023,ND,BFS,CH,3856,one-way departures
2023,ND,BFS,TR,9687,one-way departures
2023,ND,DUB,GR,43144,one-way departures
2023,ND,BFS,PL,10709,one-way departures
2023,ND,BFS,IT,8646,one-way departures
2023,ND,DUB,PT,126634,one-way departures
2023,ND,DUB,EE,3664,one-way departures
2023,ND,DUB,KW,1305,one-way departures
2023,ND,DUB,MX,5815,one-way departures
2023,ND,DUB,AR,2329,one-way departures
2023,ND,BHD,DE,6587,one-way departures
2023,ND,BHD,CH,1887,one-way departures
2023,ND,DUB,NZ,9582,one-way departures
2023,ND,BHD,AE,1105,one-way departures
2023,ND,DUB,RS,2097,one-way departures
2023,ND,BHD,IT,2691,one-way departures
2023,ND,BHD,FI,691,one-way departures
2023,ND,DUB,EG,1889,one-way departures
2023,ND,BHD,ZA,1340,one-way departures
2023,ND,DUB,VN,910,one-way departures
2023,ND,DUB,BH,898,one-way departures
2023,ND,BFS,FI,127,one-way departures
2023,ND,DUB,MK,278,one-way departures
2023,ND,DUB,RE,227,one-way departures
2023,ND,DUB,UY,831,one-way departures
2023,ND,DUB,NP,166,one-way departures
2023,ND,DUB,ID,777,one-way departures
2023,ND,DUB,BO,2841,one-way departures
2023,ND,DUB,BD,425,one-way departures
2023,ND,BHD,BE,729,one-way departures
2023,ND,DUB,GH,723,one-way departures
2023,ND,DUB,ML,94,one-way departures
2023,ND,DUB,CR,797,one-way departures
2023,ND,BHD,JO,215,one-way departures
2023,ND,DUB,EC,296,one-way departures
2023,ND,DUB,KN,215,one-way departures
2023,ND,LDY,NL,151,one-way departures
2023,ND,DUB,IR,588,one-way departures
2023,ND,DUB,QA,1150,one-way departures
2023,ND,BHD,BR,320,one-way departures
2023,ND,BFS,CZ,325,one-way departures
2023,ND,DUB,TG,82,one-way departures
2023,ND,BFS,MT,26,one-way departures
2023,ND,DUB,TC,191,one-way departures
2023,ND,BHD,DO,35,one-way departures
2023,ND,BHD,HK,567,one-way departures
2023,ND,LDY,ES,336,one-way departures
2023,ND,DUB,SL,73,one-way departures
2023,ND,BHD,KE,239,one-way departures
2023,ND,BHD,TR,334,one-way departures
2023,ND,DUB,LC,356,one-way departures
2023,ND,BHD,IL,460,one-way departures
2023,ND,DUB,BA,305,one-way departures
2023,ND,BFS,DE,243,one-way departures
2023,ND,BHD,DZ,114,one-way departures
2023,ND,DUB,MW,236,one-way departures
2023,ND,DUB,PY,96,one-way departures
2023,ND,BHD,CZ,631,one-way departures
2023,ND,BHD,UG,52,one-way departures
2023,ND,DUB,BZ,46,one-way departures
2023,ND,DUB,NC,14,one-way departures
2023,ND,BHD,ZW,38,one-way departures
2023,ND,DUB,BJ,92,one-way departures
2023,ND,DUB,NI,63,one-way departures
2023,ND,BHD,PA,27,one-way departures
2023,ND,BHD,BW,20,one-way departures
2023,ND,BHD,GD,15,one-way departures
2023,ND,BHD,AL,57,one-way departures
2023,ND,BHD,PL,504,one-way departures
2023,ND,BHD,ET,40,one-way departures
2023,ND,BHD,PK,103,one-way departures
2023,ND,LDY,RO,1,one-way departures
2023,ND,BFS,BE,86,one-way departures
2023,ND,DUB,MN,244,one-way departures
2023,ND,LDY,IN,113,one-way departures
2023,ND,BHD,FO,4,one-way departures
2023,ND,LDY,SE,0,one-way departures
2023,ND,DUB,GM,17,one-way departures
2023,ND,DUB,VI,61,one-way departures
2023,ND,DUB,PG,22,one-way departures
2023,ND,DUB,SR,233,one-way departures
2014,ND,DUB,PL,115531,one-way departures
2014,ND,BFS,GB,441775,one-way departures
2014,ND,DUB,TR,9860,one-way departures
2014,ND,DUB,IT,181596,one-way departures
2014,ND,DUB,FI,20091,one-way departures
2014,ND,DUB,CH,79884,one-way departures
2014,ND,DUB,BR,19499,one-way departures
2014,ND,DUB,AE,10858,one-way departures
2014,ND,LDY,PT,471,one-way departures
2014,ND,BHD,DE,4610,one-way departures
2014,ND,DUB,DE,367335,one-way departures
2014,ND,DUB,ZA,12528,one-way departures
2014,ND,DUB,IL,11337,one-way departures
2014,ND,BFS,US,9273,one-way departures
2014,ND,BHD,CH,1582,one-way departures
2014,ND,DUB,BE,73365,one-way departures
2014,ND,DUB,MT,8828,one-way departures
2014,ND,BHD,FI,796,one-way departures
2014,ND,DUB,TN,943,one-way departures
2014,ND,BHD,AE,631,one-way departures
2014,ND,BHD,IL,398,one-way departures
2014,ND,DUB,JO,904,one-way departures
2014,ND,DUB,PK,2423,one-way departures
2014,ND,BHD,HK,1315,one-way departures
2014,ND,DUB,KE,961,one-way departures
2014,ND,BHD,ZA,737,one-way departures
2014,ND,BHD,BE,920,one-way departures
2014,ND,DUB,ZW,210,one-way departures
2014,ND,DUB,AF,247,one-way departures
2014,ND,DUB,HK,4115,one-way departures
2014,ND,BFS,CA,840,one-way departures
2014,ND,BHD,UG,92,one-way departures
2014,ND,BHD,JO,271,one-way departures
2014,ND,DUB,BW,276,one-way departures
2014,ND,DUB,CZ,24168,one-way departures
2014,ND,DUB,UG,539,one-way departures
2014,ND,DUB,RW,94,one-way departures
2014,ND,BHD,IT,1539,one-way departures
2014,ND,DUB,MZ,263,one-way departures
2014,ND,BFS,AU,117,one-way departures
2014,ND,DUB,DZ,438,one-way departures
2014,ND,DUB,PA,169,one-way departures
2014,ND,BFS,CO,29,one-way departures
2014,ND,BHD,ZW,46,one-way departures
2014,ND,BFS,DK,36,one-way departures
2014,ND,BHD,CZ,376,one-way departures
2014,ND,DUB,CM,96,one-way departures
2014,ND,DUB,FO,74,one-way departures
2014,ND,DUB,SS,74,one-way departures
2014,ND,DUB,AL,259,one-way departures
2014,ND,BFS,00,9,one-way departures
2014,ND,DUB,LR,35,one-way departures
2014,ND,BHD,AL,31,one-way departures
2014,ND,BHD,TR,379,one-way departures
2014,ND,BHD,BR,683,one-way departures
2014,ND,DUB,ET,306,one-way departures
2014,ND,BHD,BW,20,one-way departures
2014,ND,DUB,SV,69,one-way departures
2014,ND,BHD,PK,48,one-way departures
2014,ND,BHD,PL,298,one-way departures
2014,ND,BHD,KE,191,one-way departures
2014,ND,DUB,HN,75,one-way departures
2014,ND,DUB,GD,16,one-way departures
2014,ND,BHD,DZ,37,one-way departures
2014,ND,BHD,AF,51,one-way departures
2014,ND,DUB,CW,11,one-way departures
2014,ND,BHD,ET,15,one-way departures
2014,ND,BFS,PR,7,one-way departures
2014,ND,DUB,PF,8,one-way departures
2014,ND,BFS,KZ,2,one-way departures
2014,ND,DUB,AW,9,one-way departures
2014,ND,DUB,ER,6,one-way departures
2014,ND,BHD,LR,1,one-way departures
2014,ND,BHD,FO,7,one-way departures
2014,ND,DUB,DO,43,one-way departures
2014,ND,DUB,SX,22,one-way departures
2014,ND,BFS,RU,1,one-way departures
2014,ND,BHD,MT,46,one-way departures
2014,ND,BFS,JP,1,one-way departures
2014,ND,BHD,MZ,26,one-way departures
2015,POO,DUB,ES,444821,one-way departures
2015,POO,DUB,SE,31328,one-way departures
2015,POO,DUB,CN,25239,one-way departures
2015,POO,DUB,IN,13340,one-way departures
2015,POO,DUB,AT,44081,one-way departures
2015,POO,DUB,UA,2115,one-way departures
2015,POO,DUB,RO,21462,one-way departures
2015,POO,BFS,HR,858,one-way departures
2015,POO,DUB,BG,8598,one-way departures
2015,POO,DUB,KR,3868,one-way departures
2015,POO,DUB,SG,3979,one-way departures
2015,POO,BHD,FR,2543,one-way departures
2015,POO,DUB,TH,2121,one-way departures
2015,POO,BFS,US,9650,one-way departures
2015,POO,DUB,NG,3442,one-way departures
2015,POO,DUB,NL,144664,one-way departures
2015,POO,DUB,SK,22977,one-way departures
2015,POO,BHD,BH,248,one-way departures
2015,POO,BHD,MK,70,one-way departures
2015,POO,DUB,CY,940,one-way departures
2015,POO,BHD,MX,182,one-way departures
2015,POO,BFS,GB,470525,one-way departures
2015,POO,DUB,PH,1494,one-way departures
2015,POO,DUB,AM,130,one-way departures
2015,POO,BHD,QA,339,one-way departures
2015,POO,DUB,LU,6056,one-way departures
2015,POO,BHD,PT,18060,one-way departures
2015,POO,BHD,GH,190,one-way departures
2015,POO,DUB,OM,1302,one-way departures
2015,POO,BHD,NZ,562,one-way departures
2015,POO,BFS,CA,779,one-way departures
2015,POO,DUB,MU,157,one-way departures
2015,POO,BHD,KW,160,one-way departures
2015,POO,BHD,EE,67,one-way departures
2015,POO,DUB,TT,250,one-way departures
2015,POO,DUB,NE,19,one-way departures
2015,POO,DUB,AO,108,one-way departures
2015,POO,BFS,AU,83,one-way departures
2015,POO,DUB,HT,58,one-way departures
2015,POO,DUB,GT,132,one-way departures
2015,POO,DUB,CD,76,one-way departures
2015,POO,BHD,AR,79,one-way departures
2015,POO,DUB,BB,187,one-way departures
2015,POO,DUB,GE,397,one-way departures
2015,POO,BHD,NP,16,one-way departures
2015,POO,DUB,KG,118,one-way departures
2015,POO,BHD,VN,23,one-way departures
2015,POO,DUB,VG,18,one-way departures
2015,POO,DUB,PE,176,one-way departures
2015,POO,DUB,LA,15,one-way departures
2015,POO,BHD,RS,90,one-way departures
2015,POO,BHD,MW,19,one-way departures
2015,POO,BHD,ML,7,one-way departures
2015,POO,DUB,MV,14,one-way departures
2015,POO,DUB,MQ,8,one-way departures
2015,POO,BHD,GR,315,one-way departures
2015,POO,BHD,ID,54,one-way departures
2015,POO,DUB,BS,85,one-way departures
2015,POO,DUB,GN,18,one-way departures
2015,POO,DUB,GF,1,one-way departures
2015,POO,DUB,CG,11,one-way departures
2015,POO,BHD,MN,22,one-way departures
2015,POO,DUB,BN,4,one-way departures
2015,POO,DUB,AG,9,one-way departures
2015,POO,BHD,IR,14,one-way departures
2015,POO,BFS,CO,8,one-way departures
2015,POO,BHD,PY,3,one-way departures
2015,POO,BHD,SL,1,one-way departures
2015,POO,BHD,BA,35,one-way departures
2015,POO,BHD,UY,3,one-way departures
2015,POO,BHD,BD,6,one-way departures
2015,POO,BHD,AS,1,one-way departures
2015,POO,BFS,00,2,one-way departures
2015,POO,BHD,EG,250,one-way departures
2015,POO,BFS,NO,0,one-way departures
2015,POO,DUB,BI,5,one-way departures
2016,ND,DUB,IN,15941,one-way departures
2016,ND,BHD,HK,1367,one-way departures
2016,ND,BHD,DE,6017,one-way departures
2016,ND,DUB,CY,1351,one-way departures
2016,ND,DUB,ES,463667,one-way departures
2016,ND,DUB,NL,169120,one-way departures
2016,ND,DUB,NG,3509,one-way departures
2016,ND,DUB,AT,36919,one-way departures
2016,ND,DUB,CN,34521,one-way departures
2016,ND,DUB,SE,37951,one-way departures
2016,ND,DUB,KR,5690,one-way departures
2016,ND,BHD,IT,2813,one-way departures
2016,ND,BHD,CZ,678,one-way departures
2016,ND,BHD,CH,2030,one-way departures
2016,ND,DUB,PH,1820,one-way departures
2016,ND,DUB,LU,7232,one-way departures
2016,ND,DUB,RO,23577,one-way departures
2016,ND,BHD,AE,651,one-way departures
2016,ND,BFS,US,9641,one-way departures
2016,ND,BFS,CA,630,one-way departures
2016,ND,DUB,BG,8474,one-way departures
2016,ND,DUB,TH,2695,one-way departures
2016,ND,DUB,SG,5019,one-way departures
2016,ND,BHD,ZA,808,one-way departures
2016,ND,DUB,KG,97,one-way departures
2016,ND,DUB,OM,1176,one-way departures
2016,ND,BHD,KE,287,one-way departures
2016,ND,DUB,GE,515,one-way departures
2016,ND,BHD,FI,1066,one-way departures
2016,ND,DUB,SK,25596,one-way departures
2016,ND,DUB,PE,233,one-way departures
2016,ND,BFS,GB,615118,one-way departures
2016,ND,BHD,IL,626,one-way departures
2016,ND,BHD,PL,439,one-way departures
2016,ND,BHD,JO,134,one-way departures
2016,ND,BHD,BE,2533,one-way departures
2016,ND,BHD,BR,418,one-way departures
2016,ND,LDY,GB,65716,one-way departures
2016,ND,DUB,UA,2247,one-way departures
2016,ND,BFS,AU,47,one-way departures
2016,ND,BHD,TR,248,one-way departures
2016,ND,DUB,GT,190,one-way departures
2016,ND,BHD,DO,15,one-way departures
2016,ND,DUB,TT,283,one-way departures
2016,ND,DUB,HT,37,one-way departures
2016,ND,BFS,CO,8,one-way departures
2016,ND,DUB,GN,33,one-way departures
2016,ND,DUB,CD,50,one-way departures
2016,ND,DUB,BS,94,one-way departures
2016,ND,BHD,UG,46,one-way departures
2016,ND,DUB,MV,23,one-way departures
2016,ND,BHD,RW,17,one-way departures
2016,ND,DUB,MU,201,one-way departures
2016,ND,BHD,DZ,32,one-way departures
2016,ND,BHD,BW,21,one-way departures
2016,ND,DUB,BB,192,one-way departures
2016,ND,DUB,MF,4,one-way departures
2016,ND,BHD,MT,79,one-way departures
2016,ND,DUB,AO,100,one-way departures
2016,ND,DUB,LA,8,one-way departures
2016,ND,BHD,SV,4,one-way departures
2016,ND,DUB,BN,48,one-way departures
2016,ND,DUB,VG,11,one-way departures
2016,ND,DUB,NE,15,one-way departures
2016,ND,BHD,ZW,63,one-way departures
2016,ND,BHD,AL,15,one-way departures
2016,ND,DUB,AM,93,one-way departures
2016,ND,DUB,MQ,6,one-way departures
2016,ND,BHD,CM,7,one-way departures
2016,ND,BHD,AF,32,one-way departures
2016,ND,LDY,IQ,2,one-way departures
2016,ND,BHD,HN,12,one-way departures
2016,ND,BHD,TN,24,one-way departures
2016,ND,DUB,CG,6,one-way departures
2016,ND,BHD,FO,7,one-way departures
2016,ND,BHD,SS,14,one-way departures
2016,ND,DUB,AG,9,one-way departures
2016,ND,BFS,SA,9,one-way departures
2016,ND,BHD,PK,49,one-way departures
2016,ND,BFS,JM,2,one-way departures
2016,ND,DUB,BI,13,one-way departures
2016,ND,BHD,ET,17,one-way departures
2016,ND,DUB,GF,2,one-way departures
2017,ND,DUB,NL,203394,one-way departures
2017,ND,DUB,ES,461267,one-way departures
2017,ND,DUB,SK,30009,one-way departures
2017,ND,DUB,SE,50500,one-way departures
2017,ND,DUB,AT,44072,one-way departures
2017,ND,BFS,NL,20574,one-way departures
2017,ND,BFS,ES,117527,one-way departures
2017,ND,DUB,RO,24012,one-way departures
2017,ND,DUB,LU,12780,one-way departures
2017,ND,BHD,PT,14512,one-way departures
2017,ND,DUB,BG,18203,one-way departures
2017,ND,DUB,CN,36162,one-way departures
2017,ND,DUB,GE,443,one-way departures
2017,ND,DUB,NG,3412,one-way departures
2017,ND,DUB,KR,6039,one-way departures
2017,ND,DUB,IN,17867,one-way departures
2017,ND,DUB,SG,6545,one-way departures
2017,ND,DUB,OM,1138,one-way departures
2017,ND,DUB,MU,342,one-way departures
2017,ND,DUB,CY,2759,one-way departures
2017,ND,DUB,UA,2507,one-way departures
2017,ND,BHD,GR,537,one-way departures
2017,ND,DUB,PH,1906,one-way departures
2017,ND,BHD,FR,4119,one-way departures
2017,ND,DUB,BB,223,one-way departures
2017,ND,BHD,BH,148,one-way departures
2017,ND,BHD,MX,279,one-way departures
2017,ND,DUB,TH,2345,one-way departures
2017,ND,BHD,GH,107,one-way departures
2017,ND,DUB,AM,97,one-way departures
2017,ND,DUB,TT,282,one-way departures
2017,ND,BHD,EE,90,one-way departures
2017,ND,BHD,QA,158,one-way departures
2017,ND,DUB,NE,45,one-way departures
2017,ND,BHD,AR,76,one-way departures
2017,ND,BHD,BA,41,one-way departures
2017,ND,BHD,ID,89,one-way departures
2017,ND,BHD,NZ,707,one-way departures
2017,ND,DUB,AO,84,one-way departures
2017,ND,BHD,MN,17,one-way departures
2017,ND,BHD,PG,16,one-way departures
2017,ND,DUB,MV,29,one-way departures
2017,ND,DUB,PE,318,one-way departures
2017,ND,DUB,GT,149,one-way departures
2017,ND,DUB,BS,102,one-way departures
2017,ND,DUB,BI,22,one-way departures
2017,ND,BHD,IR,22,one-way departures
2017,ND,BHD,RS,123,one-way departures
2017,ND,DUB,LA,13,one-way departures
2017,ND,DUB,VG,30,one-way departures
2017,ND,BFS,AT,137,one-way departures
2017,ND,DUB,BN,30,one-way departures
2017,ND,DUB,KG,71,one-way departures
2017,ND,DUB,HT,42,one-way departures
2017,ND,BFS,BG,13,one-way departures
2017,ND,DUB,GN,54,one-way departures
2017,ND,BHD,EG,223,one-way departures
2017,ND,BHD,VN,68,one-way departures
2017,ND,BHD,MW,12,one-way departures
2017,ND,BHD,CR,23,one-way departures
2017,ND,BHD,BD,22,one-way departures
2017,ND,BHD,TL,3,one-way departures
2017,ND,BHD,LT,33,one-way departures
2017,ND,BHD,NI,8,one-way departures
2017,ND,DUB,CG,5,one-way departures
2017,ND,BFS,IE,220,one-way departures
2017,ND,BFS,SE,2,one-way departures
2017,ND,BFS,UA,2,one-way departures
2017,ND,BHD,TC,6,one-way departures
2017,ND,DUB,CD,83,one-way departures
2017,ND,BHD,PY,4,one-way departures
2017,ND,BFS,CN,7,one-way departures
2017,ND,BHD,SL,18,one-way departures
2017,ND,BHD,UY,31,one-way departures
2017,ND,BHD,KW,181,one-way departures
2017,ND,BHD,NP,32,one-way departures
2017,ND,DUB,MQ,10,one-way departures
2017,ND,LDY,IN,1,one-way departures
2017,ND,BHD,ML,4,one-way departures
2017,ND,DUB,CK,2,one-way departures
2017,ND,BFS,RO,2,one-way departures
2018,ND,DUB,FR,392634,one-way departures
2018,ND,DUB,GR,21875,one-way departures
2018,ND,DUB,PT,126054,one-way departures
2018,ND,BFS,US,7231,one-way departures
2018,ND,BFS,GB,637399,one-way departures
2018,ND,DUB,EE,4829,one-way departures
2018,ND,BFS,IS,2405,one-way departures
2018,ND,BFS,HR,3824,one-way departures
2018,ND,DUB,QA,1909,one-way departures
2018,ND,DUB,LT,23834,one-way departures
2018,ND,DUB,EG,2047,one-way departures
2018,ND,BHD,DE,5253,one-way departures
2018,ND,DUB,NZ,11956,one-way departures
2018,ND,DUB,MX,6055,one-way departures
2018,ND,DUB,MK,341,one-way departures
2018,ND,DUB,BH,1413,one-way departures
2018,ND,DUB,VN,1128,one-way departures
2018,ND,DUB,ID,1122,one-way departures
2018,ND,DUB,RS,1579,one-way departures
2018,ND,BHD,IT,2303,one-way departures
2018,ND,BHD,CZ,368,one-way departures
2018,ND,DUB,AR,3059,one-way departures
2018,ND,DUB,GH,350,one-way departures
2018,ND,BHD,AE,732,one-way departures
2018,ND,DUB,NP,188,one-way departures
2018,ND,BHD,ZA,840,one-way departures
2018,ND,BHD,HK,1131,one-way departures
2018,ND,DUB,UY,547,one-way departures
2018,ND,BHD,FI,1043,one-way departures
2018,ND,DUB,MW,351,one-way departures
2018,ND,BHD,MT,61,one-way departures
2018,ND,BHD,CH,2324,one-way departures
2018,ND,DUB,KW,1488,one-way departures
2018,ND,BHD,TR,402,one-way departures
2018,ND,DUB,BA,362,one-way departures
2018,ND,DUB,BD,466,one-way departures
2018,ND,BHD,JO,246,one-way departures
2018,ND,DUB,RE,132,one-way departures
2018,ND,DUB,IR,666,one-way departures
2018,ND,BHD,IL,527,one-way departures
2018,ND,DUB,BO,367,one-way departures
2018,ND,BHD,BR,438,one-way departures
2018,ND,DUB,SL,167,one-way departures
2018,ND,BHD,CM,25,one-way departures
2018,ND,BHD,PL,373,one-way departures
2018,ND,DUB,CR,622,one-way departures
2018,ND,DUB,BZ,49,one-way departures
2018,ND,BHD,DZ,38,one-way departures
2018,ND,BFS,AU,46,one-way departures
2018,ND,DUB,TC,25,one-way departures
2018,ND,BHD,UG,78,one-way departures
2018,ND,DUB,MN,380,one-way departures
2018,ND,DUB,EC,102,one-way departures
2018,ND,DUB,PY,87,one-way departures
2018,ND,DUB,KN,28,one-way departures
2018,ND,BFS,CA,6,one-way departures
2018,ND,BHD,BE,1078,one-way departures
2018,ND,BHD,KE,174,one-way departures
2018,ND,LDY,CH,7,one-way departures
2018,ND,DUB,NC,29,one-way departures
2018,ND,BHD,AL,31,one-way departures
2018,ND,DUB,VI,24,one-way departures
2018,ND,BHD,ZW,29,one-way departures
2018,ND,BHD,PK,78,one-way departures
2018,ND,DUB,BJ,27,one-way departures
2018,ND,BFS,DK,9,one-way departures
2018,ND,BHD,TN,7,one-way departures
2018,ND,BHD,ET,10,one-way departures
2018,ND,LDY,HK,2,one-way departures
2018,ND,DUB,PG,37,one-way departures
2018,ND,DUB,ML,30,one-way departures
2018,ND,DUB,TG,15,one-way departures
2018,ND,BFS,KZ,2,one-way departures
2018,ND,BHD,BW,7,one-way departures
2018,ND,BHD,SS,14,one-way departures
2018,ND,DUB,LC,23,one-way departures
2018,ND,DUB,NI,35,one-way departures
2018,ND,DUB,SR,14,one-way departures
2018,ND,BHD,RW,6,one-way departures
2018,ND,DUB,GU,4,one-way departures
2018,ND,BHD,SX,4,one-way departures
2018,ND,BHD,AW,1,one-way departures
2019,ND,DUB,FR,413063,one-way departures
2019,ND,BHD,GB,394792,one-way departures
2019,ND,DUB,PT,153541,one-way departures
2019,ND,BFS,NL,21931,one-way departures
2019,ND,BFS,ES,111647,one-way departures
2019,ND,DUB,LT,22661,one-way departures
2019,ND,DUB,GR,23725,one-way departures
2019,ND,DUB,MX,5413,one-way departures
2019,ND,DUB,NZ,12292,one-way departures
2019,ND,DUB,AR,4126,one-way departures
2019,ND,DUB,KW,1664,one-way departures
2019,ND,DUB,RS,1801,one-way departures
2019,ND,BFS,BG,1737,one-way departures
2019,ND,BFS,AT,1328,one-way departures
2019,ND,DUB,EE,4643,one-way departures
2019,ND,DUB,UY,668,one-way departures
2019,ND,BHD,DK,1559,one-way departures
2019,ND,DUB,BD,397,one-way departures
2019,ND,BHD,US,16511,one-way departures
2019,ND,DUB,BH,1277,one-way departures
2019,ND,DUB,VN,1406,one-way departures
2019,ND,BHD,CA,2932,one-way departures
2019,ND,BHD,CL,206,one-way departures
2019,ND,DUB,GH,300,one-way departures
2019,ND,BHD,AU,3060,one-way departures
2019,ND,DUB,MN,425,one-way departures
2019,ND,DUB,BO,759,one-way departures
2019,ND,BHD,NO,757,one-way departures
2019,ND,DUB,QA,2059,one-way departures
2019,ND,DUB,RE,146,one-way departures
2019,ND,DUB,EG,2034,one-way departures
2019,ND,DUB,ID,790,one-way departures
2019,ND,DUB,IR,446,one-way departures
2019,ND,BHD,JP,909,one-way departures
2019,ND,DUB,BJ,41,one-way departures
2019,ND,BHD,RU,466,one-way departures
2019,ND,DUB,MW,383,one-way departures
2019,ND,DUB,NP,238,one-way departures
2019,ND,BHD,HU,226,one-way departures
2019,ND,DUB,CR,539,one-way departures
2019,ND,BHD,SA,687,one-way departures
2019,ND,BHD,LV,18,one-way departures
2019,ND,BHD,MY,659,one-way departures
2019,ND,BHD,ZM,41,one-way departures
2019,ND,BHD,TW,131,one-way departures
2019,ND,BHD,LK,63,one-way departures
2019,ND,DUB,MK,146,one-way departures
2019,ND,BHD,IQ,164,one-way departures
2019,ND,BHD,KZ,70,one-way departures
2019,ND,BHD,CO,112,one-way departures
2019,ND,BFS,IE,184,one-way departures
2019,ND,DUB,BA,234,one-way departures
2019,ND,DUB,EC,128,one-way departures
2019,ND,DUB,PY,93,one-way departures
2019,ND,BHD,HR,115,one-way departures
2019,ND,BHD,KY,48,one-way departures
2019,ND,BFS,CY,1909,one-way departures
2019,ND,DUB,TC,21,one-way departures
2019,ND,BHD,LB,117,one-way departures
2019,ND,DUB,VI,33,one-way departures
2019,ND,BHD,FJ,8,one-way departures
2019,ND,DUB,BZ,54,one-way departures
2019,ND,DUB,GU,6,one-way departures
2019,ND,BHD,MD,8,one-way departures
2019,ND,BHD,LS,8,one-way departures
2019,ND,BHD,AZ,31,one-way departures
2019,ND,BHD,SD,4,one-way departures
2019,ND,BHD,NA,43,one-way departures
2019,ND,DUB,NI,35,one-way departures
2019,ND,BHD,CI,24,one-way departures
2019,ND,DUB,PG,29,one-way departures
2019,ND,BHD,TZ,26,one-way departures
2019,ND,BHD,KH,5,one-way departures
2019,ND,BHD,MA,71,one-way departures
2019,ND,BHD,IS,25,one-way departures
2019,ND,BHD,DJ,10,one-way departures
2019,ND,DUB,SL,151,one-way departures
2019,ND,DUB,KN,28,one-way departures
2019,ND,DUB,ML,33,one-way departures
2019,ND,DUB,DM,5,one-way departures
2019,ND,BHD,BY,7,one-way departures
2019,ND,DUB,BL,3,one-way departures
2019,ND,BFS,UA,15,one-way departures
2019,ND,LDY,DE,12,one-way departures
2019,ND,BHD,JM,16,one-way departures
2019,ND,DUB,LC,21,one-way departures
2019,ND,DUB,SR,15,one-way departures
2019,ND,BHD,MM,6,one-way departures
2019,ND,DUB,NC,28,one-way departures
2019,ND,DUB,TG,4,one-way departures
2019,ND,BHD,VE,3,one-way departures
2019,ND,BHD,SI,21,one-way departures
2019,ND,BFS,AG,1,one-way departures
2019,ND,BFS,TT,1,one-way departures
2021,ND,DUB,IT,138507,one-way departures
2021,ND,DUB,BE,49668,one-way departures
2021,ND,DUB,DE,161666,one-way departures
2021,ND,BFS,NL,7033,one-way departures
2021,ND,DUB,PL,90132,one-way departures
2021,ND,DUB,CH,33617,one-way departures
2021,ND,BFS,ES,39436,one-way departures
2021,ND,DUB,FI,10772,one-way departures
2021,ND,DUB,CZ,10283,one-way departures
2021,ND,DUB,ZA,12567,one-way departures
2021,ND,DUB,BR,27045,one-way departures
2021,ND,DUB,HK,2943,one-way departures
2021,ND,DUB,TR,8286,one-way departures
2021,ND,DUB,AE,10373,one-way departures
2021,ND,DUB,IL,4139,one-way departures
2021,ND,DUB,JO,633,one-way departures
2021,ND,DUB,PK,1284,one-way departures
2021,ND,BHD,FR,1775,one-way departures
2021,ND,DUB,UG,294,one-way departures
2021,ND,BHD,PT,643,one-way departures
2021,ND,BHD,GR,396,one-way departures
2021,ND,BHD,ID,197,one-way departures
2021,ND,DUB,ET,210,one-way departures
2021,ND,DUB,DZ,210,one-way departures
2021,ND,DUB,KE,711,one-way departures
2021,ND,DUB,BW,177,one-way departures
2021,ND,DUB,ZW,225,one-way departures
2021,ND,DUB,TN,183,one-way departures
2021,ND,LDY,SE,11,one-way departures
2021,ND,BHD,NZ,178,one-way departures
2021,ND,DUB,MT,4974,one-way departures
2021,ND,BHD,EG,151,one-way departures
2021,ND,DUB,SV,149,one-way departures
2021,ND,DUB,PA,163,one-way departures
2021,ND,DUB,SX,57,one-way departures
2021,ND,BHD,MX,327,one-way departures
2021,ND,BHD,GH,155,one-way departures
2021,ND,BHD,QA,66,one-way departures
2021,ND,DUB,MZ,99,one-way departures
2021,ND,DUB,HN,64,one-way departures
2021,ND,BHD,RS,51,one-way departures
2021,ND,BHD,EC,2,one-way departures
2021,ND,DUB,SS,73,one-way departures
2021,ND,BHD,KW,113,one-way departures
2021,ND,BHD,AR,64,one-way departures
2021,ND,DUB,AF,109,one-way departures
2021,ND,DUB,LR,39,one-way departures
2021,ND,DUB,DO,56,one-way departures
2021,ND,BHD,VN,15,one-way departures
2021,ND,DUB,CM,42,one-way departures
2021,ND,BHD,NC,1,one-way departures
2021,ND,DUB,GQ,5,one-way departures
2021,ND,BFS,IE,105,one-way departures
2021,ND,BHD,BZ,12,one-way departures
2021,ND,BHD,SL,8,one-way departures
2021,ND,BHD,BH,111,one-way departures
2021,ND,BHD,NP,13,one-way departures
2021,ND,BHD,LT,16,one-way departures
2021,ND,DUB,GD,30,one-way departures
2021,ND,BHD,BD,16,one-way departures
2021,ND,DUB,SC,36,one-way departures
2021,ND,DUB,CW,38,one-way departures
2021,ND,DUB,AL,197,one-way departures
2021,ND,DUB,AW,82,one-way departures
2021,ND,BFS,SE,37,one-way departures
2021,ND,DUB,GP,12,one-way departures
2021,ND,DUB,RW,54,one-way departures
2021,ND,BFS,AT,891,one-way departures
2021,ND,DUB,FO,13,one-way departures
2021,ND,BHD,LC,6,one-way departures
2021,ND,DUB,ST,1,one-way departures
2021,ND,BFS,CY,14,one-way departures
2021,ND,BHD,TC,2,one-way departures
2021,ND,DUB,PF,44,one-way departures
2022,ND,BFS,CY,1166,one-way departures
2022,ND,DUB,AT,33501,one-way departures
2022,ND,DUB,RO,50032,one-way departures
2022,ND,DUB,BG,14161,one-way departures
2022,ND,DUB,IN,14164,one-way departures
2022,ND,DUB,SE,25520,one-way departures
2022,ND,DUB,ES,385090,one-way departures
2022,ND,DUB,LU,11891,one-way departures
2022,ND,BFS,BG,941,one-way departures
2022,ND,BFS,ES,103862,one-way departures
2022,ND,DUB,GE,588,one-way departures
2022,ND,DUB,SG,4244,one-way departures
2022,ND,DUB,NG,3727,one-way departures
2022,ND,BHD,CH,1216,one-way departures
2022,ND,BHD,DE,3845,one-way departures
2022,ND,BHD,IT,1947,one-way departures
2022,ND,DUB,SK,13609,one-way departures
2022,ND,BHD,TR,342,one-way departures
2022,ND,DUB,KR,2626,one-way departures
2022,ND,BHD,BE,353,one-way departures
2022,ND,DUB,PE,394,one-way departures
2022,ND,DUB,TH,1506,one-way departures
2022,ND,LDY,ES,155,one-way departures
2022,ND,BHD,PL,280,one-way departures
2022,ND,BHD,BR,528,one-way departures
2022,ND,DUB,NL,122986,one-way departures
2022,ND,DUB,TT,283,one-way departures
2022,ND,BHD,ZA,699,one-way departures
2022,ND,DUB,CY,3312,one-way departures
2022,ND,BHD,FI,380,one-way departures
2022,ND,LDY,IE,54,one-way departures
2022,ND,DUB,BB,361,one-way departures
2022,ND,BHD,IL,492,one-way departures
2022,ND,BHD,AE,633,one-way departures
2022,ND,BHD,CZ,267,one-way departures
2022,ND,DUB,PH,798,one-way departures
2022,ND,DUB,CN,727,one-way departures
2022,ND,DUB,OM,713,one-way departures
2022,ND,DUB,MV,106,one-way departures
2022,ND,LDY,NL,21,one-way departures
2022,ND,DUB,AG,108,one-way departures
2022,ND,DUB,UA,513,one-way departures
2022,ND,DUB,AM,145,one-way departures
2022,ND,DUB,BS,164,one-way departures
2022,ND,BHD,JO,122,one-way departures
2022,ND,DUB,KG,96,one-way departures
2022,ND,DUB,MU,433,one-way departures
2022,ND,BHD,PK,123,one-way departures
2022,ND,DUB,GT,155,one-way departures
2022,ND,BHD,KE,177,one-way departures
2022,ND,DUB,CG,32,one-way departures
2022,ND,DUB,GN,29,one-way departures
2022,ND,LDY,IN,11,one-way departures
2022,ND,BHD,UG,20,one-way departures
2022,ND,BHD,MZ,9,one-way departures
2022,ND,DUB,HT,15,one-way departures
2022,ND,DUB,AO,76,one-way departures
2022,ND,BHD,DO,11,one-way departures
2022,ND,DUB,VG,46,one-way departures
2022,ND,BHD,GD,5,one-way departures
2022,ND,DUB,CD,67,one-way departures
2022,ND,BHD,HK,122,one-way departures
2022,ND,DUB,MR,18,one-way departures
2022,ND,BFS,SE,7,one-way departures
2022,ND,BHD,HN,24,one-way departures
2022,ND,DUB,MO,20,one-way departures
2022,ND,DUB,BI,5,one-way departures
2022,ND,BHD,BW,1,one-way departures
2022,ND,BHD,RW,1,one-way departures
2022,ND,BHD,ZW,39,one-way departures
2022,ND,BHD,ET,7,one-way departures
2022,ND,BHD,AL,46,one-way departures
2022,ND,BHD,DZ,51,one-way departures
2022,ND,BFS,NL,10273,one-way departures
2022,ND,DUB,MQ,28,one-way departures
2022,ND,DUB,GF,54,one-way departures
2024,ND,DUB,IN,25811,one-way departures
2024,ND,DUB,ES,452383,one-way departures
2024,ND,BFS,PT,29048,one-way departures
2024,ND,BFS,FR,28866,one-way departures
2024,ND,DUB,CN,27456,one-way departures
2024,ND,DUB,RO,41689,one-way departures
2024,ND,DUB,LU,21009,one-way departures
2024,ND,DUB,NL,162921,one-way departures
2024,ND,DUB,SE,36736,one-way departures
2024,ND,DUB,AT,44115,one-way departures
2024,ND,BFS,GR,9396,one-way departures
2024,ND,DUB,SK,9687,one-way departures
2024,ND,BHD,NL,4786,one-way departures
2024,ND,DUB,BG,13921,one-way departures
2024,ND,BHD,ES,4961,one-way departures
2024,ND,DUB,MU,503,one-way departures
2024,ND,DUB,KR,3100,one-way departures
2024,ND,DUB,SG,5809,one-way departures
2024,ND,BHD,SE,763,one-way departures
2024,ND,DUB,NG,2123,one-way departures
2024,ND,DUB,PH,2191,one-way departures
2024,ND,DUB,TH,2070,one-way departures
2024,ND,BHD,RO,240,one-way departures
2024,ND,DUB,OM,745,one-way departures
2024,ND,DUB,AM,320,one-way departures
2024,ND,BHD,NG,402,one-way departures
2024,ND,BHD,CN,445,one-way departures
2024,ND,BHD,BB,110,one-way departures
2024,ND,DUB,BB,871,one-way departures
2024,ND,LDY,NL,128,one-way departures
2024,ND,BHD,PE,64,one-way departures
2024,ND,BHD,IE,127,one-way departures
2024,ND,DUB,MQ,67,one-way departures
2024,ND,BHD,SG,404,one-way departures
2024,ND,DUB,TT,297,one-way departures
2024,ND,BHD,LU,80,one-way departures
2024,ND,BHD,AT,608,one-way departures
2024,ND,DUB,CY,4809,one-way departures
2024,ND,DUB,GE,663,one-way departures
2024,ND,BHD,TH,106,one-way departures
2024,ND,DUB,MV,127,one-way departures
2024,ND,BHD,TT,32,one-way departures
2024,ND,DUB,BS,188,one-way departures
2024,ND,DUB,CD,146,one-way departures
2024,ND,BHD,IN,1548,one-way departures
2024,ND,DUB,GN,94,one-way departures
2024,ND,BFS,EE,10,one-way departures
2024,ND,BHD,PH,166,one-way departures
2024,ND,LDY,AT,7,one-way departures
2024,ND,DUB,MR,35,one-way departures
2024,ND,DUB,AG,160,one-way departures
2024,ND,BFS,BA,63,one-way departures
2024,ND,BHD,CY,182,one-way departures
2024,ND,DUB,GT,187,one-way departures
2024,ND,DUB,KG,64,one-way departures
2024,ND,BHD,AM,22,one-way departures
2024,ND,BHD,OM,62,one-way departures
2024,ND,BHD,BG,98,one-way departures
2024,ND,DUB,PE,209,one-way departures
2024,ND,LDY,SE,6,one-way departures
2024,ND,BHD,KR,125,one-way departures
2024,ND,BFS,NZ,4,one-way departures
2024,ND,BHD,BI,3,one-way departures
2024,ND,BHD,BS,15,one-way departures
2024,ND,BHD,MU,61,one-way departures
2024,ND,DUB,BI,6,one-way departures
2024,ND,DUB,VG,12,one-way departures
2024,ND,DUB,HT,4,one-way departures
2024,ND,BHD,GE,3,one-way departures
2024,ND,LDY,LU,1,one-way departures
2024,ND,LDY,IN,42,one-way departures
2024,ND,DUB,FK,0,one-way departures
2024,ND,BHD,KG,2,one-way departures
2024,ND,LDY,BS,2,one-way departures
2024,ND,DUB,GF,33,one-way departures
2025,ND,DUB,NL,151130,one-way departures
2025,ND,DUB,ES,490807,one-way departures
2025,ND,DUB,AT,47915,one-way departures
2025,ND,DUB,SE,36487,one-way departures
2025,ND,LDY,GB,38103,one-way departures
2025,ND,BFS,PL,23194,one-way departures
2025,ND,DUB,RO,48349,one-way departures
2025,ND,DUB,LU,18734,one-way departures
2025,ND,BFS,CH,6112,one-way departures
2025,ND,DUB,CN,25151,one-way departures
2025,ND,DUB,BG,17267,one-way departures
2025,ND,DUB,SK,16744,one-way departures
2025,ND,BFS,TR,12551,one-way departures
2025,ND,DUB,SG,6513,one-way departures
2025,ND,DUB,IN,29569,one-way departures
2025,ND,BHD,NL,3743,one-way departures
2025,ND,BFS,MT,1028,one-way departures
2025,ND,DUB,TH,2433,one-way departures
2025,ND,DUB,PH,3232,one-way departures
2025,ND,BHD,ES,3223,one-way departures
2025,ND,DUB,CY,6719,one-way departures
2025,ND,DUB,KR,2886,one-way departures
2025,ND,BHD,CY,162,one-way departures
2025,ND,BHD,SE,492,one-way departures
2025,ND,BHD,IN,1677,one-way departures
2025,ND,BHD,NG,377,one-way departures
2025,ND,LDY,NO,121,one-way departures
2025,ND,DUB,BB,674,one-way departures
2025,ND,DUB,NG,1968,one-way departures
2025,ND,BHD,AT,310,one-way departures
2025,ND,BFS,IT,5365,one-way departures
2025,ND,BHD,CN,573,one-way departures
2025,ND,BFS,AL,445,one-way departures
2025,ND,BHD,TH,164,one-way departures
2025,ND,BHD,KR,233,one-way departures
2025,ND,DUB,OM,971,one-way departures
2025,ND,DUB,GE,405,one-way departures
2025,ND,DUB,BS,89,one-way departures
2025,ND,DUB,AM,263,one-way departures
2025,ND,DUB,MV,78,one-way departures
2025,ND,DUB,GT,275,one-way departures
2025,ND,BFS,DE,666,one-way departures
2025,ND,DUB,MU,585,one-way departures
2025,ND,DUB,AO,41,one-way departures
2025,ND,DUB,LA,38,one-way departures
2025,ND,DUB,BQ,59,one-way departures
2025,ND,BHD,BG,40,one-way departures
2025,ND,DUB,SY,96,one-way departures
2025,ND,LDY,SA,13,one-way departures
2025,ND,BHD,MU,34,one-way departures
2025,ND,DUB,CD,33,one-way departures
2025,ND,BHD,LU,50,one-way departures
2025,ND,DUB,CG,24,one-way departures
2025,ND,BHD,TT,24,one-way departures
2025,ND,LDY,AU,55,one-way departures
2025,ND,DUB,PE,176,one-way departures
2025,ND,BHD,PH,160,one-way departures
2025,ND,BHD,RO,109,one-way departures
2025,ND,BHD,SG,257,one-way departures
2025,ND,BHD,OM,105,one-way departures
2025,ND,LDY,US,110,one-way departures
2025,ND,DUB,KG,90,one-way departures
2025,ND,DUB,BN,29,one-way departures
2025,ND,BHD,IE,30,one-way departures
2025,ND,DUB,TT,172,one-way departures
2025,ND,DUB,VG,15,one-way departures
2025,ND,DUB,SB,8,one-way departures
2025,ND,DUB,MQ,52,one-way departures
2025,ND,BHD,BS,7,one-way departures
2025,ND,BFS,BR,1,one-way departures
2025,ND,BFS,FI,310,one-way departures
2025,ND,LDY,CA,0,one-way departures
2025,ND,DUB,MR,4,one-way departures
2013,POO,BFS,TT,15,one-way departures
2013,POO,BHD,ME,13,one-way departures
2013,POO,BHD,PR,10,one-way departures
2013,POO,BHD,GI,6,one-way departures
2013,POO,BHD,UZ,5,one-way departures
2013,POO,BFS,TH,2,one-way departures
2013,POO,BHD,SZ,2,one-way departures
2013,POO,BHD,MD,14,one-way departures
2013,POO,DUB,GQ,5,one-way departures
2013,POO,DUB,GD,14,one-way departures
2013,POO,BHD,NA,25,one-way departures
2013,POO,BFS,BS,1,one-way departures
2013,POO,BFS,PE,1,one-way departures
2013,POO,DUB,FO,67,one-way departures
2013,POO,BHD,IS,54,one-way departures
2013,POO,BHD,FJ,7,one-way departures
2023,ND,BFS,AL,118,one-way departures
2023,ND,DUB,GU,10,one-way departures
2023,ND,LDY,AT,3,one-way departures
2023,ND,LDY,SG,3,one-way departures
2023,ND,BHD,CM,13,one-way departures
2023,ND,BHD,LR,1,one-way departures
2023,ND,BHD,MZ,10,one-way departures
2023,ND,DUB,DM,8,one-way departures
2023,ND,DUB,GL,0,one-way departures
2014,ND,BFS,HR,267,one-way departures
2014,ND,DUB,SC,27,one-way departures
2014,ND,BHD,TN,10,one-way departures
2014,ND,BFS,ZM,4,one-way departures
2014,ND,DUB,GQ,10,one-way departures
2014,ND,BHD,RW,13,one-way departures
2014,ND,BHD,CM,2,one-way departures
2014,ND,BFS,BM,2,one-way departures
2014,ND,BFS,KY,12,one-way departures
2014,ND,BHD,SS,5,one-way departures
2015,POO,BFS,IS,3354,one-way departures
2015,POO,LDY,PT,47,one-way departures
2015,POO,BFS,PR,12,one-way departures
2015,POO,BHD,BJ,4,one-way departures
2015,POO,DUB,TO,5,one-way departures
2015,POO,BHD,LT,8,one-way departures
2015,POO,DUB,MR,12,one-way departures
2015,POO,BHD,GL,2,one-way departures
2015,POO,BFS,JP,1,one-way departures
2015,POO,BFS,DK,6,one-way departures
2015,POO,BHD,EC,1,one-way departures
2015,POO,BFS,IQ,1,one-way departures
2015,POO,BHD,RE,1,one-way departures
2015,POO,BHD,TG,0,one-way departures
2016,ND,BFS,HR,1001,one-way departures
2016,ND,BFS,PR,20,one-way departures
2016,ND,BHD,PA,14,one-way departures
2016,ND,BFS,IS,4070,one-way departures
2016,ND,DUB,MR,7,one-way departures
2016,ND,BFS,IQ,3,one-way departures
2016,ND,BFS,DK,6,one-way departures
2016,ND,BFS,GI,3,one-way departures
2016,ND,BHD,MZ,3,one-way departures
2016,ND,DUB,SB,2,one-way departures
2016,ND,DUB,CK,1,one-way departures
2016,ND,BFS,AZ,1,one-way departures
2016,ND,BFS,JP,6,one-way departures
2016,ND,BHD,PF,0,one-way departures
2017,ND,LDY,ES,157,one-way departures
2017,ND,DUB,MR,10,one-way departures
2017,ND,BFS,SK,3,one-way departures
2017,ND,BFS,MU,3,one-way departures
2017,ND,DUB,SB,3,one-way departures
2017,ND,DUB,AG,9,one-way departures
2017,ND,BHD,GL,55,one-way departures
2017,ND,BHD,BJ,3,one-way departures
2017,ND,BHD,EC,12,one-way departures
2018,ND,DUB,GM,13,one-way departures
2018,ND,BFS,IQ,4,one-way departures
2018,ND,BFS,SI,5,one-way departures
2018,ND,LDY,TR,5,one-way departures
2018,ND,BHD,SC,3,one-way departures
2018,ND,BHD,MZ,6,one-way departures
2018,ND,BHD,DO,2,one-way departures
2018,ND,BFS,NO,2,one-way departures
2018,ND,BHD,LR,3,one-way departures
2018,ND,BHD,FO,8,one-way departures
2018,ND,DUB,VU,1,one-way departures
2018,ND,DUB,LY,7,one-way departures
2018,ND,BHD,SV,1,one-way departures
2018,ND,BHD,CW,0,one-way departures
2018,ND,BHD,AF,8,one-way departures
2019,ND,BHD,SO,8,one-way departures
2019,ND,BFS,NG,8,one-way departures
2019,ND,BHD,PR,12,one-way departures
2019,ND,BHD,GI,7,one-way departures
2019,ND,BHD,00,5,one-way departures
2019,ND,BFS,CN,6,one-way departures
2019,ND,LDY,CH,7,one-way departures
2019,ND,DUB,GM,13,one-way departures
2019,ND,LDY,HK,2,one-way departures
2019,ND,BFS,SE,9,one-way departures
2019,ND,DUB,GL,1,one-way departures
2019,ND,BFS,IN,7,one-way departures
2019,ND,BFS,MU,1,one-way departures
2019,ND,BHD,SN,1,one-way departures
2019,ND,DUB,WS,7,one-way departures
2021,ND,BFS,KG,5,one-way departures
2021,ND,BHD,EE,50,one-way departures
2021,ND,DUB,ER,8,one-way departures
2021,ND,BHD,ML,13,one-way departures
2021,ND,LDY,AT,1,one-way departures
2021,ND,BHD,PY,1,one-way departures
2021,ND,BFS,SK,13,one-way departures
2021,ND,BFS,UA,41,one-way departures
2021,ND,BFS,BG,1427,one-way departures
2021,ND,BHD,UY,8,one-way departures
2022,ND,BHD,MT,24,one-way departures
2022,ND,DUB,LA,11,one-way departures
2022,ND,DUB,BN,65,one-way departures
2022,ND,DUB,TO,4,one-way departures
2022,ND,BFS,AG,2,one-way departures
2022,ND,BHD,PA,4,one-way departures
2022,ND,BFS,RO,1,one-way departures
2022,ND,BHD,SS,2,one-way departures
2022,ND,DUB,BQ,33,one-way departures
2022,ND,LDY,CY,0,one-way departures
2024,ND,BFS,LT,1190,one-way departures
2024,ND,LDY,ES,137,one-way departures
2024,ND,DUB,BN,46,one-way departures
2024,ND,DUB,AO,57,one-way departures
2024,ND,DUB,CG,57,one-way departures
2024,ND,DUB,BQ,12,one-way departures
2024,ND,LDY,GE,3,one-way departures
2024,ND,BHD,MV,29,one-way departures
2024,ND,BHD,CD,1,one-way departures
2024,ND,DUB,LA,1,one-way departures
2024,ND,LDY,TH,1,one-way departures
2024,ND,BHD,AO,1,one-way departures
2025,ND,LDY,DK,52,one-way departures
2025,ND,BHD,BN,3,one-way departures
2025,ND,BHD,BB,62,one-way departures
2025,ND,DUB,AG,65,one-way departures
2025,ND,LDY,HU,2,one-way departures
2025,ND,LDY,MY,2,one-way departures
2025,ND,DUB,MP,1,one-way departures
2025,ND,BFS,IL,8,one-way departures
2025,ND,BHD,PE,37,one-way departures
2025,ND,DUB,GN,56,one-way departures
2025,ND,BHD,GE,8,one-way departures
2025,ND,BHD,AO,2,one-way departures
2025,ND,BFS,BE,13,one-way departures
2013,POO,DUB,ER,8,one-way departures
2013,POO,BHD,MM,11,one-way departures
2013,POO,BFS,SE,3,one-way departures
2013,POO,DUB,AW,2,one-way departures
2013,POO,BFS,IN,1,one-way departures
2013,POO,BFS,CY,1,one-way departures
2023,ND,BFS,FO,260,one-way departures
2023,ND,BHD,MT,38,one-way departures
2023,ND,BHD,TN,15,one-way departures
2023,ND,BHD,SS,9,one-way departures
2023,ND,BHD,RW,14,one-way departures
2023,ND,BFS,IL,13,one-way departures
2023,ND,DUB,VU,2,one-way departures
2023,ND,LDY,IE,9,one-way departures
2023,ND,BHD,ST,1,one-way departures
2023,ND,LDY,TH,2,one-way departures
2023,ND,LDY,CY,1,one-way departures
2014,ND,BFS,IS,200,one-way departures
2014,ND,DUB,NR,3,one-way departures
2014,ND,DUB,GP,4,one-way departures
2014,ND,BFS,VE,3,one-way departures
2015,POO,BFS,SI,9,one-way departures
2015,POO,BFS,BM,8,one-way departures
2015,POO,BHD,PG,3,one-way departures
2015,POO,BHD,TC,3,one-way departures
2015,POO,BHD,VI,2,one-way departures
2015,POO,BHD,CR,3,one-way departures
2015,POO,BFS,SA,4,one-way departures
2015,POO,BFS,CL,1,one-way departures
2015,POO,BHD,TL,1,one-way departures
2015,POO,BFS,HU,1,one-way departures
2015,POO,DUB,MO,1,one-way departures
2015,POO,DUB,CK,3,one-way departures
2016,ND,BFS,MA,5,one-way departures
2016,ND,BFS,00,11,one-way departures
2016,ND,BFS,VE,6,one-way departures
2016,ND,LDY,US,2,one-way departures
2016,ND,DUB,MO,1,one-way departures
2016,ND,BFS,FJ,1,one-way departures
2016,ND,BFS,SI,1,one-way departures
2017,ND,BFS,CY,764,one-way departures
2017,ND,BHD,YT,7,one-way departures
2017,ND,BHD,MK,12,one-way departures
2017,ND,BHD,LY,1,one-way departures
2018,ND,BHD,PA,6,one-way departures
2018,ND,DUB,WS,3,one-way departures
2018,ND,LDY,BE,0,one-way departures
2019,ND,LDY,ZA,6,one-way departures
2019,ND,DUB,LY,6,one-way departures
2019,ND,BHD,BM,15,one-way departures
2019,ND,BFS,TH,3,one-way departures
2019,ND,BFS,RO,2,one-way departures
2019,ND,LDY,PK,8,one-way departures
2019,ND,LDY,IL,4,one-way departures
2019,ND,LDY,TR,6,one-way departures
2019,ND,LDY,AE,1,one-way departures
2019,ND,BFS,SK,1,one-way departures
2019,ND,BHD,BF,3,one-way departures
2019,ND,BHD,TD,1,one-way departures
2021,ND,BFS,CN,2,one-way departures
2021,ND,BHD,BO,2,one-way departures
2021,ND,BHD,TL,1,one-way departures
2021,ND,BHD,PG,4,one-way departures
2021,ND,BHD,VI,3,one-way departures
2022,ND,BHD,SV,4,one-way departures
2022,ND,DUB,NE,16,one-way departures
2022,ND,LDY,GF,2,one-way departures
2022,ND,DUB,AI,1,one-way departures
2022,ND,BHD,LR,3,one-way departures
2022,ND,BHD,FO,1,one-way departures
2022,ND,LDY,BG,1,one-way departures
2022,ND,BFS,IE,4,one-way departures
2025,ND,LDY,LK,2,one-way departures
2025,ND,LDY,TZ,1,one-way departures
2013,POO,BFS,AT,59,one-way departures
2013,POO,BHD,CU,3,one-way departures
2013,POO,LDY,DK,1,one-way departures
2013,POO,DUB,GW,1,one-way departures
2023,ND,BHD,CW,12,one-way departures
2023,ND,LDY,NG,13,one-way departures
2023,ND,BHD,SC,1,one-way departures
2023,ND,BHD,TV,1,one-way departures
2023,ND,LDY,PH,1,one-way departures
2023,ND,BFS,AE,1,one-way departures
2014,ND,DUB,ST,2,one-way departures
2014,ND,BFS,CL,2,one-way departures
2014,ND,DUB,MH,1,one-way departures
2014,ND,BFS,NO,1,one-way departures
2014,ND,BHD,HN,1,one-way departures
2015,POO,BFS,LK,1,one-way departures
2015,POO,DUB,SB,1,one-way departures
2016,ND,DUB,BQ,1,one-way departures
2016,ND,BHD,LR,1,one-way departures
2017,ND,BFS,IN,2,one-way departures
2017,ND,DUB,BQ,4,one-way departures
2017,ND,DUB,TO,2,one-way departures
2018,ND,BFS,GI,11,one-way departures
2018,ND,LDY,AE,4,one-way departures
2018,ND,LDY,FI,3,one-way departures
2018,ND,LDY,BW,2,one-way departures
2018,ND,LDY,DE,3,one-way departures
2018,ND,BFS,SA,1,one-way departures
2019,ND,BHD,TJ,2,one-way departures
2019,ND,BHD,FM,1,one-way departures
2019,ND,BHD,GY,1,one-way departures
2019,ND,BFS,KG,1,one-way departures
2019,ND,LDY,BE,0,one-way departures
2021,ND,BHD,IR,31,one-way departures
2021,ND,LDY,IE,2,one-way departures
2022,ND,BFS,AT,507,one-way departures
2022,ND,LDY,AT,2,one-way departures
2022,ND,BFS,UA,1,one-way departures
2024,ND,BFS,EG,5385,one-way departures
2024,ND,BHD,VG,8,one-way departures
2024,ND,DUB,SB,7,one-way departures
2024,ND,LDY,NG,1,one-way departures
2024,ND,BFS,RS,0,one-way departures
2025,ND,BFS,CZ,4873,one-way departures
2025,ND,BFS,TN,4610,one-way departures
2025,ND,LDY,MA,4,one-way departures
2025,ND,DUB,NE,4,one-way departures
2025,ND,DUB,BI,3,one-way departures
2025,ND,BHD,TO,3,one-way departures
2025,ND,LDY,GI,2,one-way departures
2025,ND,DUB,GF,0,one-way departures
2025,ND,LDY,HR,0,one-way departures
